COUNTY,TRANSACTION_AMT
"Abbeville County, South Carolina",60
"Acadia Parish, Louisiana",1000
"Accomack County, Virginia",870
"Ada County, Idaho",57779
"Adair County, Missouri",5144
"Adair County, Oklahoma",160
"Adams County, Colorado",14570
"Adams County, Idaho",50
"Adams County, Illinois",4408
"Adams County, Indiana",147
"Adams County, Mississippi",54
"Adams County, Nebraska",491
"Adams County, Ohio",540
"Adams County, Pennsylvania",5263
"Adams County, Washington",110
"Adams County, Wisconsin",1045
"Addison County, Vermont",4285
"Aguada Municipio, Puerto Rico",137
"Aiken County, South Carolina",11667
"Aitkin County, Minnesota",795
"Alachua County, Florida",44019
"Alamance County, North Carolina",3322
"Alameda County, California",670781
"Alamosa County, Colorado",493
"Albany County, New York",177712
"Albany County, Wyoming",3750
"Albemarle County, Virginia",81175
"Alcorn County, Mississippi",1145
"Aleutians West Census Area, Alaska",175
"Alexander County, Illinois",153
"Alexander County, North Carolina",670
"Alexandria City, Virginia",10262
"Alexandria city, Virginia",81105
"Alfalfa County, Oklahoma",350
"Alger County, Michigan",293
"Allamakee County, Iowa",925
"Allegan County, Michigan",2910
"Allegany County, Maryland",5056
"Allegany County, New York",1454
"Alleghany County, North Carolina",-475
"Alleghany County, Virginia",327
"Allegheny County, Pennsylvania",129103
"Allen County, Indiana",28349
"Allen County, Kansas",28
"Allen County, Ohio",4874
"Allen Parish, Louisiana",305
"Allendale County, South Carolina",500
"Alpena County, Michigan",476
"Alpine County, California",52
"Amador County, California",2993
"Amelia County, Virginia",25
"Amherst County, Virginia",120
"Amite County, Mississippi",106
"Anchorage Municipality, Alaska",46070
"Anderson County, Kansas",75
"Anderson County, Kentucky",1230
"Anderson County, South Carolina",5648
"Anderson County, Tennessee",6172
"Anderson County, Texas",4142
"Andrews County, Texas",550
"Androscoggin County, Maine",2652
"Angelina County, Texas",5639
"Anne Arundel County, Maryland",59478
"Anoka County, Minnesota",9784
"Anson County, North Carolina",450
"Antelope County, Nebraska",50
"Antrim County, Michigan",1722
"Apache County, Arizona",1103
"Appanoose County, Iowa",1250
"Appling County, Georgia",390
"Appomattox County, Virginia",101
"Aransas County, Texas",7553
"Arapahoe County, Colorado",103467
"Archer County, Texas",153
"Archuleta County, Colorado",2939
"Arenac County, Michigan",282
"Arkansas County, Arkansas",95
"Arlington County, Virginia",215632
"Armstrong County, Pennsylvania",1740
"Armstrong County, Texas",100
"Aroostook County, Maine",2532
"Ascension Parish, Louisiana",10731
"Ashe County, North Carolina",681
"Ashland County, Ohio",1301
"Ashland County, Wisconsin",220
"Ashley County, Arkansas",202
"Ashtabula County, Ohio",1641
"Asotin County, Washington",7501
"Assumption Parish, Louisiana",604
"Atascosa County, Texas",660
"Atchison County, Kansas",4100
"Athens County, Ohio",1750
"Atlantic County, New Jersey",32850
"Atoka County, Oklahoma",62
"Audrain County, Missouri",327
"Auglaize County, Ohio",2390
"Augusta County, Virginia",785
"Austin County, Texas",1691
"Autauga County, Alabama",509
"Avery County, North Carolina",195
"Avoyelles Parish, Louisiana",10
"Baca County, Colorado",105
"Bacon County, Georgia",155
"Bailey County, Texas",650
"Baker County, Florida",493
"Baker County, Georgia",2800
"Baker County, Oregon",926
"Baldwin County, Alabama",13194
"Baldwin County, Georgia",1267
"Ballard County, Kentucky",110
"Baltimore City, Maryland",1028
"Baltimore County, Maryland",70386
"Baltimore city, Maryland",58816
"Bandera County, Texas",900
"Bannock County, Idaho",1892
"Baraga County, Michigan",110
"Barbour County, Alabama",516
"Barbour County, West Virginia",140
"Barnes County, North Dakota",50
"Barnstable County, Massachusetts",38232
"Barnwell County, South Carolina",240
"Barren County, Kentucky",1293
"Barron County, Wisconsin",5020
"Barrow County, Georgia",5922
"Barry County, Michigan",770
"Barry County, Missouri",343
"Bartholomew County, Indiana",4741
"Barton County, Kansas",918
"Barton County, Missouri",10
"Bartow County, Georgia",2122
"Bastrop County, Texas",5387
"Bates County, Missouri",20
"Bath County, Kentucky",100
"Bath County, Virginia",1138
"Baxter County, Arkansas",1305
"Bay County, Florida",28285
"Bay County, Michigan",2487
"Bayfield County, Wisconsin",2890
"Baylor County, Texas",200
"Beadle County, South Dakota",28
"Bear Lake County, Idaho",200
"Beaufort County, North Carolina",1690
"Beaufort County, South Carolina",33468
"Beauregard Parish, Louisiana",108
"Beaver County, Pennsylvania",3767
"Beaverhead County, Montana",777
"Becker County, Minnesota",3000
"Beckham County, Oklahoma",150
"Bedford County, Pennsylvania",1317
"Bedford County, Tennessee",2725
"Bedford County, Virginia",6389
"Bee County, Texas",630
"Belknap County, New Hampshire",6118
"Bell County, Texas",11978
"Belmont County, Ohio",3088
"Beltrami County, Minnesota",1731
"Ben Hill County, Georgia",4747
"Bennington County, Vermont",18157
"Benton County, Arkansas",14450
"Benton County, Indiana",312
"Benton County, Iowa",83
"Benton County, Minnesota",1145
"Benton County, Mississippi",120
"Benton County, Missouri",494
"Benton County, Oregon",18326
"Benton County, Washington",14258
"Benzie County, Michigan",1140
"Bergen County, New Jersey",133732
"Berkeley County, South Carolina",15125
"Berkeley County, West Virginia",1997
"Berks County, Pennsylvania",30490
"Berkshire County, Massachusetts",24493
"Bernalillo County, New Mexico",73736
"Berrien County, Georgia",582
"Berrien County, Michigan",14892
"Bertie County, North Carolina",60
"Bethel Census Area, Alaska",145
"Bexar County, Texas",167992
"Bibb County, Alabama",500
"Bibb County, Georgia",6940
"Bienville Parish, Louisiana",357
"Big Horn County, Wyoming",-700
"Big Stone County, Minnesota",173
"Billings County, North Dakota",350
"Bingham County, Idaho",1484
"Black Hawk County, Iowa",5921
"Blackford County, Indiana",255
"Bladen County, North Carolina",350
"Blaine County, Idaho",7225
"Blaine County, Montana",335
"Blaine County, Oklahoma",75
"Blair County, Pennsylvania",4235
"Blanco County, Texas",3798
"Bland County, Virginia",35
"Bleckley County, Georgia",100
"Bledsoe County, Tennessee",600
"Blount County, Alabama",488
"Blount County, Tennessee",4987
"Blue Earth County, Minnesota",2756
"Bolivar County, Mississippi",442
"Bollinger County, Missouri",45
"Bon Homme County, South Dakota",300
"Bond County, Illinois",605
"Bonner County, Idaho",4382
"Bonneville County, Idaho",44056
"Boone County, Arkansas",1741
"Boone County, Illinois",1030
"Boone County, Indiana",6133
"Boone County, Iowa",464
"Boone County, Kentucky",7970
"Boone County, Missouri",21250
"Boone County, West Virginia",25
"Bosque County, Texas",642
"Bossier Parish, Louisiana",8909
"Botetourt County, Virginia",1438
"Bottineau County, North Dakota",25
"Boulder County, Colorado",137612
"Boundary County, Idaho",184
"Bourbon County, Kansas",2162
"Bourbon County, Kentucky",258
"Bowie County, Texas",4643
"Bowman County, North Dakota",25
"Box Butte County, Nebraska",181
"Box Elder County, Utah",392
"Boyd County, Kentucky",709
"Boyle County, Kentucky",105
"Bracken County, Kentucky",125
"Bradford County, Florida",3745
"Bradford County, Pennsylvania",800
"Bradley County, Arkansas",65
"Bradley County, Tennessee",1664
"Branch County, Michigan",796
"Brazoria County, Texas",21452
"Brazos County, Texas",8091
"Breathitt County, Kentucky",0
"Bremer County, Iowa",1340
"Brevard County, Florida",42339
"Brewster County, Texas",6920
"Briscoe County, Texas",165
"Bristol Bay Borough, Alaska",53
"Bristol County, Massachusetts",31287
"Bristol County, Rhode Island",12468
"Bristol city, Virginia",50
"Broadwater County, Montana",575
"Bronx County, New York",32917
"Brooke County, West Virginia",60
"Brookings County, South Dakota",130
"Brooks County, Georgia",127
"Brooks County, Texas",7
"Broome County, New York",9577
"Broomfield County, Colorado",7492
"Broward County, Florida",252464
"Brown County, Indiana",1281
"Brown County, Kansas",60
"Brown County, Minnesota",260
"Brown County, Nebraska",25
"Brown County, Ohio",1085
"Brown County, South Dakota",1757
"Brown County, Texas",2607
"Brown County, Wisconsin",28789
"Brunswick County, North Carolina",10322
"Brunswick County, Virginia",75
"Bryan County, Georgia",946
"Bryan County, Oklahoma",640
"Buchanan County, Iowa",995
"Buchanan County, Missouri",3833
"Buchanan County, Virginia",20
"Buckingham County, Virginia",125
"Bucks County, Pennsylvania",82035
"Buena Vista County, Iowa",210
"Buffalo County, Nebraska",2470
"Buffalo County, Wisconsin",300
"Bullitt County, Kentucky",225
"Bulloch County, Georgia",1128
"Bullock County, Alabama",267
"Buncombe County, North Carolina",47885
"Bureau County, Illinois",1925
"Burke County, Georgia",225
"Burke County, North Carolina",1013
"Burke County, North Dakota",10
"Burleigh County, North Dakota",2533
"Burleson County, Texas",324
"Burlington County, New Jersey",24512
"Burnet County, Texas",1362
"Burnett County, Wisconsin",585
"Butler County, Iowa",100
"Butler County, Kansas",1817
"Butler County, Kentucky",20
"Butler County, Missouri",2649
"Butler County, Nebraska",25
"Butler County, Ohio",11788
"Butler County, Pennsylvania",19754
"Butte County, California",20608
"Butte County, Idaho",65
"Butts County, Georgia",357
"Cabarrus County, North Carolina",6959
"Cabell County, West Virginia",2334
"Cache County, Utah",1008
"Caddo County, Oklahoma",15
"Caddo Parish, Louisiana",19772
"Caguas Municipio, Puerto Rico",1000
"Calaveras County, California",5857
"Calcasieu Parish, Louisiana",5393
"Caldwell County, Kentucky",100
"Caldwell County, North Carolina",2339
"Caldwell County, Texas",530
"Caldwell Parish, Louisiana",250
"Caledonia County, Vermont",1991
"Calhoun County, Alabama",-33855
"Calhoun County, Arkansas",50
"Calhoun County, Florida",135
"Calhoun County, Georgia",1750
"Calhoun County, Illinois",25
"Calhoun County, Iowa",15
"Calhoun County, Michigan",4744
"Calhoun County, Mississippi",300
"Calhoun County, South Carolina",500
"Calhoun County, Texas",289
"Callahan County, Texas",207
"Callaway County, Missouri",1464
"Calloway County, Kentucky",1000
"Calumet County, Wisconsin",100
"Calvert County, Maryland",4973
"Cambria County, Pennsylvania",2526
"Camden County, Georgia",875
"Camden County, Missouri",6989
"Camden County, New Jersey",24356
"Camden County, North Carolina",215
"Cameron County, Pennsylvania",125
"Cameron County, Texas",28862
"Cameron Parish, Louisiana",250
"Camp County, Texas",502
"Campbell County, Kentucky",4386
"Campbell County, South Dakota",27
"Campbell County, Tennessee",107
"Campbell County, Virginia",582
"Campbell County, Wyoming",572
"Canadian County, Oklahoma",6134
"Cannon County, Tennessee",508
"Canovanas Municipio, Puerto Rico",1500
"Canyon County, Idaho",6103
"Cape Girardeau County, Missouri",3632
"Cape May County, New Jersey",5606
"Carbon County, Montana",1227
"Carbon County, Pennsylvania",4329
"Carbon County, Utah",58
"Carbon County, Wyoming",575
"Carlisle County, Kentucky",30
"Carlton County, Minnesota",579
"Carolina Municipio, Puerto Rico",2715
"Caroline County, Maryland",362
"Caroline County, Virginia",735
"Carroll County, Arkansas",808
"Carroll County, Georgia",14906
"Carroll County, Illinois",505
"Carroll County, Indiana",20
"Carroll County, Iowa",576
"Carroll County, Maryland",15772
"Carroll County, Mississippi",30
"Carroll County, New Hampshire",4541
"Carroll County, Ohio",210
"Carroll County, Tennessee",643
"Carroll County, Virginia",1146
"Carson City, Nevada",5470
"Carson County, Texas",110
"Carter County, Kentucky",484
"Carter County, Missouri",42
"Carter County, Oklahoma",2434
"Carter County, Tennessee",581
"Carteret County, North Carolina",8236
"Carver County, Minnesota",13947
"Cascade County, Montana",8062
"Casey County, Kentucky",905
"Cass County, Illinois",405
"Cass County, Indiana",50
"Cass County, Iowa",50
"Cass County, Michigan",1102
"Cass County, Minnesota",765
"Cass County, Missouri",4623
"Cass County, Nebraska",1733
"Cass County, North Dakota",11628
"Cass County, Texas",425
"Cassia County, Idaho",404
"Castro County, Texas",67
"Caswell County, North Carolina",285
"Catahoula Parish, Louisiana",150
"Catawba County, North Carolina",8547
"Catoosa County, Georgia",3243
"Catron County, New Mexico",30
"Cattaraugus County, New York",5557
"Cayuga County, New York",1972
"Cecil County, Maryland",3029
"Cedar County, Iowa",1076
"Cedar County, Missouri",50
"Cedar County, Nebraska",22
"Centre County, Pennsylvania",13501
"Cerro Gordo County, Iowa",10662
"Chaffee County, Colorado",9324
"Chambers County, Alabama",335
"Chambers County, Texas",552
"Champaign County, Illinois",28882
"Champaign County, Ohio",863
"Chariton County, Missouri",50
"Charles County, Maryland",6111
"Charles Mix County, South Dakota",150
"Charleston County, South Carolina",136171
"Charlevoix County, Michigan",1119
"Charlotte County, Florida",19840
"Charlotte County, Virginia",130
"Charlottesville City, Virginia",3070
"Charlottesville city, Virginia",25619
"Charlton County, Georgia",10
"Chase County, Kansas",5008
"Chase County, Nebraska",10
"Chatham County, Georgia",26900
"Chatham County, North Carolina",8901
"Chattooga County, Georgia",505
"Chautauqua County, Kansas",150
"Chautauqua County, New York",2798
"Chaves County, New Mexico",1595
"Cheatham County, Tennessee",642
"Cheboygan County, Michigan",2075
"Chelan County, Washington",5787
"Chemung County, New York",4726
"Chenango County, New York",320
"Cherokee County, Alabama",100
"Cherokee County, Georgia",25879
"Cherokee County, Iowa",1
"Cherokee County, Kansas",352
"Cherokee County, North Carolina",334
"Cherokee County, Oklahoma",3243
"Cherokee County, South Carolina",1384
"Cherokee County, Texas",639
"Cherry County, Nebraska",150
"Chesapeake City, Virginia",25
"Chesapeake city, Virginia",7257
"Cheshire County, New Hampshire",5304
"Chester County, Pennsylvania",76829
"Chester County, South Carolina",302
"Chesterfield County, South Carolina",565
"Chesterfield County, Virginia",24872
"Cheyenne County, Kansas",100
"Cheyenne County, Nebraska",600
"Chickasaw County, Iowa",35
"Chickasaw County, Mississippi",2599
"Chicot County, Arkansas",210
"Childress County, Texas",542
"Chilton County, Alabama",850
"Chippewa County, Michigan",706
"Chippewa County, Minnesota",280
"Chippewa County, Wisconsin",2009
"Chisago County, Minnesota",1867
"Chittenden County, Vermont",13386
"Choctaw County, Alabama",66
"Choctaw County, Mississippi",1
"Choctaw County, Oklahoma",50
"Chouteau County, Montana",300
"Chowan County, North Carolina",325
"Christian County, Illinois",1030
"Christian County, Kentucky",361
"Christian County, Missouri",2268
"Chugach Census Area, Alaska",814
"Churchill County, Nevada",10059
"Cibola County, New Mexico",1460
"Cimarron County, Oklahoma",150
"Citrus County, Florida",8480
"City and Borough of Juneau, Alaska",990
"Clackamas County, Oregon",50514
"Claiborne County, Mississippi",51
"Claiborne County, Tennessee",0
"Claiborne Parish, Louisiana",61
"Clallam County, Washington",9821
"Clare County, Michigan",3430
"Clarendon County, South Carolina",507
"Clarion County, Pennsylvania",3693
"Clark County, Arkansas",530
"Clark County, Illinois",100
"Clark County, Indiana",6943
"Clark County, Kentucky",2447
"Clark County, Nevada",469214
"Clark County, Ohio",2768
"Clark County, Washington",54775
"Clark County, Wisconsin",42
"Clarke County, Georgia",16097
"Clarke County, Mississippi",65
"Clarke County, Virginia",3395
"Clatsop County, Oregon",3139
"Clay County, Alabama",175
"Clay County, Arkansas",11
"Clay County, Florida",8085
"Clay County, Georgia",40
"Clay County, Illinois",45
"Clay County, Indiana",40
"Clay County, Iowa",1185
"Clay County, Kentucky",105
"Clay County, Minnesota",1570
"Clay County, Mississippi",686
"Clay County, Missouri",18829
"Clay County, Nebraska",427
"Clay County, North Carolina",633
"Clay County, South Dakota",384
"Clay County, Tennessee",15
"Clayton County, Georgia",3660
"Clayton County, Iowa",2526
"Clear Creek County, Colorado",150
"Clearfield County, Pennsylvania",991
"Clearwater County, Idaho",125
"Clearwater County, Minnesota",82
"Cleburne County, Alabama",45
"Cleburne County, Arkansas",615
"Clermont County, Ohio",15075
"Cleveland County, North Carolina",1208
"Cleveland County, Oklahoma",25821
"Clinch County, Georgia",50
"Clinton County, Illinois",315
"Clinton County, Indiana",2124
"Clinton County, Iowa",1153
"Clinton County, Kentucky",2655
"Clinton County, Michigan",2126
"Clinton County, Missouri",335
"Clinton County, New York",1268
"Clinton County, Ohio",3885
"Clinton County, Pennsylvania",415
"Cloud County, Kansas",126
"Coahoma County, Mississippi",130
"Cobb County, Georgia",61519
"Cochise County, Arizona",7648
"Cocke County, Tennessee",820
"Coconino County, Arizona",12445
"Codington County, South Dakota",3794
"Coffee County, Alabama",1864
"Coffee County, Georgia",170
"Coffee County, Tennessee",2252
"Coffey County, Kansas",445
"Coke County, Texas",15
"Colbert County, Alabama",8108
"Cole County, Missouri",2066
"Coleman County, Texas",25
"Coles County, Illinois",1312
"Colfax County, Nebraska",390
"Colfax County, New Mexico",4456
"Colleton County, South Carolina",780
"Collier County, Florida",164571
"Collin County, Texas",114862
"Colonial Heights city, Virginia",2135
"Colorado County, Texas",900
"Colquitt County, Georgia",2100
"Columbia County, Arkansas",150
"Columbia County, Florida",3771
"Columbia County, Georgia",7921
"Columbia County, New York",14261
"Columbia County, Oregon",6112
"Columbia County, Pennsylvania",1566
"Columbia County, Washington",15
"Columbia County, Wisconsin",1733
"Columbiana County, Ohio",1216
"Columbus County, North Carolina",507
"Colusa County, California",1605
"Comal County, Texas",13214
"Comanche County, Oklahoma",3459
"Comanche County, Texas",1112
"Concho County, Texas",3
"Concordia Parish, Louisiana",50
"Conecuh County, Alabama",207
"Contra Costa County, California",530129
"Converse County, Wyoming",1350
"Conway County, Arkansas",1375
"Cook County, Georgia",67
"Cook County, Illinois",1793503
"Cook County, Minnesota",467
"Cooke County, Texas",775
"Cooper County, Missouri",605
"Coos County, New Hampshire",1137
"Coos County, Oregon",5259
"Coosa County, Alabama",175
"Copiah County, Mississippi",311
"Copper River Census Area, Alaska",178
"Cortland County, New York",2581
"Coryell County, Texas",3748
"Coshocton County, Ohio",60
"Cotton County, Oklahoma",3
"Cottonwood County, Minnesota",700
"Covington County, Alabama",270
"Covington County, Mississippi",101
"Coweta County, Georgia",2672
"Cowley County, Kansas",724
"Cowlitz County, Washington",3977
"Craig County, Oklahoma",633
"Craighead County, Arkansas",8939
"Crane County, Texas",35
"Craven County, North Carolina",5023
"Crawford County, Arkansas",276
"Crawford County, Georgia",1100
"Crawford County, Illinois",426
"Crawford County, Indiana",101
"Crawford County, Iowa",104
"Crawford County, Kansas",364
"Crawford County, Michigan",100
"Crawford County, Missouri",2100
"Crawford County, Ohio",237
"Crawford County, Pennsylvania",1918
"Crawford County, Wisconsin",159
"Creek County, Oklahoma",1267
"Crenshaw County, Alabama",375
"Crisp County, Georgia",140
"Crittenden County, Arkansas",1070
"Crockett County, Tennessee",50
"Crook County, Oregon",1493
"Crook County, Wyoming",820
"Cross County, Arkansas",110
"Crow Wing County, Minnesota",7886
"Culberson County, Texas",1299
"Culebra Municipio, Puerto Rico",1000
"Cullman County, Alabama",1031
"Culpeper County, Virginia",8995
"Cumberland County, Illinois",100
"Cumberland County, Maine",85325
"Cumberland County, New Jersey",6415
"Cumberland County, North Carolina",8488
"Cumberland County, Pennsylvania",19045
"Cumberland County, Tennessee",2467
"Cumberland County, Virginia",200
"Currituck County, North Carolina",865
"Curry County, New Mexico",1632
"Curry County, Oregon",1646
"Custer County, Colorado",155
"Custer County, Idaho",30
"Custer County, Montana",125
"Custer County, Nebraska",350
"Custer County, Oklahoma",2050
"Custer County, South Dakota",1193
"Cuyahoga County, Ohio",89856
"Dade County, Georgia",801
"Dade County, Missouri",485
"Dakota County, Minnesota",40540
"Dakota County, Nebraska",200
"Dale County, Alabama",937
"Dallam County, Texas",785
"Dallas County, Alabama",18
"Dallas County, Arkansas",250
"Dallas County, Iowa",11748
"Dallas County, Missouri",65
"Dallas County, Texas",408148
"Dane County, Wisconsin",101742
"Daniels County, Montana",35
"Danville city, Virginia",350
"Dare County, North Carolina",7987
"Darke County, Ohio",3487
"Darlington County, South Carolina",330
"Dauphin County, Pennsylvania",14882
"Davidson County, North Carolina",7922
"Davidson County, Tennessee",205007
"Davie County, North Carolina",4987
"Daviess County, Indiana",510
"Daviess County, Kentucky",4368
"Daviess County, Missouri",109
"Davis County, Iowa",30
"Davis County, Utah",12203
"Davison County, South Dakota",308
"Dawes County, Nebraska",37
"Dawson County, Georgia",375
"Dawson County, Montana",1
"Dawson County, Nebraska",608
"Dawson County, Texas",210
"De Soto Parish, Louisiana",335
"De Witt County, Illinois",346
"DeKalb County, Alabama",8976
"DeKalb County, Georgia",100949
"DeKalb County, Illinois",4505
"DeKalb County, Indiana",115
"DeKalb County, Tennessee",120
"DeSoto County, Florida",1295
"DeSoto County, Mississippi",8570
"DeWitt County, Texas",295
"Deaf Smith County, Texas",511
"Dearborn County, Indiana",4151
"Decatur County, Georgia",3120
"Decatur County, Indiana",145
"Decatur County, Iowa",25
"Decatur County, Kansas",100
"Deer Lodge County, Montana",393
"Defiance County, Ohio",502
"Dekalb County, Georgia",300
"Del Norte County, California",534
"Delaware County, Indiana",3996
"Delaware County, Iowa",299
"Delaware County, New York",1663
"Delaware County, Ohio",11546
"Delaware County, Oklahoma",3711
"Delaware County, Pennsylvania",107786
"Delta County, Colorado",3484
"Delta County, Michigan",735
"Delta County, Texas",50
"Denali Borough, Alaska",225
"Denton County, Texas",89448
"Denver County, Colorado",170057
"Des Moines County, Iowa",3423
"Deschutes County, Oregon",23872
"Deuel County, South Dakota",200
"Dewey County, Oklahoma",265
"Dewey County, South Dakota",90
"Dickens County, Texas",500
"Dickey County, North Dakota",760
"Dickinson County, Iowa",1680
"Dickinson County, Kansas",760
"Dickinson County, Michigan",517
"Dickson County, Tennessee",1356
"Dillingham Census Area, Alaska",125
"Dillon County, South Carolina",95
"Dinwiddie County, Virginia",275
"District of Columbia, District of Columbia",7180377
"Dixie County, Florida",1037
"Dodge County, Georgia",42
"Dodge County, Minnesota",191
"Dodge County, Nebraska",2926
"Dodge County, Wisconsin",1435
"Dolores County, Colorado",2175
"Dona Ana County, New Mexico",11728
"Donley County, Texas",67
"Dooly County, Georgia",45
"Door County, Wisconsin",3331
"Dorado Municipio, Puerto Rico",720
"Dorchester County, Maryland",1875
"Dorchester County, South Carolina",8393
"Dougherty County, Georgia",2449
"Douglas County, Colorado",44780
"Douglas County, Georgia",3565
"Douglas County, Illinois",207
"Douglas County, Kansas",28483
"Douglas County, Minnesota",1736
"Douglas County, Missouri",20
"Douglas County, Nebraska",66272
"Douglas County, Nevada",14723
"Douglas County, Oregon",4333
"Douglas County, Washington",4063
"Douglas County, Wisconsin",1032
"Drew County, Arkansas",2000
"DuPage County, Illinois",104601
"Dubois County, Indiana",3361
"Dubuque County, Iowa",8755
"Duchesne County, Utah",506
"Dukes County, Massachusetts",11142
"Dundy County, Nebraska",25
"Dunklin County, Missouri",160
"Dunn County, North Dakota",1050
"Dunn County, Wisconsin",1337
"Dupage County, Illinois",446
"Duplin County, North Carolina",360
"Durham County, North Carolina",67240
"Dutchess County, New York",40064
"Duval County, Florida",106027
"Duval County, Texas",70
"Dyer County, Tennessee",605
"Eagle County, Colorado",17199
"Early County, Georgia",25
"East Baton Rouge Parish, Louisiana",33950
"East Feliciana Parish, Louisiana",35
"Eastland County, Texas",702
"Eaton County, Michigan",8533
"Eau Claire County, Wisconsin",7296
"Ector County, Texas",19181
"Eddy County, New Mexico",9589
"Eddy County, North Dakota",25
"Edgar County, Illinois",35
"Edgecombe County, North Carolina",180
"Edgefield County, South Carolina",4386
"Edmunds County, South Dakota",50
"Edwards County, Texas",260
"Effingham County, Georgia",-2626
"Effingham County, Illinois",279
"El Dorado County, California",21701
"El Paso County, Colorado",56869
"El Paso County, Texas",26984
"Elbert County, Colorado",1179
"Elbert County, Georgia",750
"Elk County, Pennsylvania",151
"Elkhart County, Indiana",9257
"Elko County, Nevada",1987
"Elliott County, Kentucky",42
"Ellis County, Kansas",1485
"Ellis County, Texas",2992
"Elmore County, Alabama",1712
"Elmore County, Idaho",313
"Emanuel County, Georgia",280
"Emery County, Utah",30
"Emmet County, Iowa",1040
"Emmet County, Michigan",3555
"Emmons County, North Dakota",156
"Erath County, Texas",2021
"Erie County, New York",40344
"Erie County, Ohio",3379
"Erie County, Pennsylvania",10294
"Escambia County, Alabama",47
"Escambia County, Florida",12398
"Esmeralda County, Nevada",0
"Essex County, Massachusetts",118073
"Essex County, New Jersey",120833
"Essex County, New York",4446
"Essex County, Vermont",105
"Essex County, Virginia",405
"Estill County, Kentucky",50
"Etowah County, Alabama",2233
"Evans County, Georgia",430
"Fairbanks North Star Borough, Alaska",10029
"Fairfax City, Virginia",597
"Fairfax County, Virginia",699197
"Fairfield County, Connecticut",1327430
"Fairfield County, Ohio",5796
"Fairfield County, South Carolina",493
"Fall River County, South Dakota",158
"Falls Church City, Virginia",681
"Falls Church city, Virginia",4484
"Falls County, Texas",10
"Fannin County, Georgia",1973
"Fannin County, Texas",2552
"Faribault County, Minnesota",2201
"Faulk County, South Dakota",500
"Faulkner County, Arkansas",4938
"Fauquier County, Virginia",8814442
"Fayette County, Georgia",7126
"Fayette County, Indiana",55
"Fayette County, Iowa",343
"Fayette County, Kentucky",58619
"Fayette County, Ohio",1062
"Fayette County, Pennsylvania",3830
"Fayette County, Tennessee",2968
"Fayette County, Texas",908
"Fayette County, West Virginia",268
"Fentress County, Tennessee",310
"Fergus County, Montana",525
"Ferry County, Washington",1020
"Fillmore County, Minnesota",258
"Finney County, Kansas",1704
"Fisher County, Texas",300
"Flagler County, Florida",7481
"Flathead County, Montana",7933
"Fleming County, Kentucky",85
"Florence County, South Carolina",3911
"Floyd County, Georgia",14647
"Floyd County, Indiana",2425
"Floyd County, Iowa",785
"Floyd County, Kentucky",25
"Floyd County, Texas",35
"Floyd County, Virginia",446
"Fluvanna County, Virginia",2128
"Foard County, Texas",800
"Fond du Lac County, Wisconsin",1155
"Ford County, Illinois",210
"Ford County, Kansas",985
"Forest County, Wisconsin",5
"Forrest County, Mississippi",579
"Forsyth County, Georgia",7400
"Forsyth County, North Carolina",36685
"Fort Bend County, Texas",65480
"Fountain County, Indiana",50
"Franklin County, Alabama",438
"Franklin County, Arkansas",255
"Franklin County, Florida",1048
"Franklin County, Georgia",652
"Franklin County, Idaho",121
"Franklin County, Illinois",237
"Franklin County, Indiana",825
"Franklin County, Iowa",555
"Franklin County, Kansas",774
"Franklin County, Kentucky",4310
"Franklin County, Maine",825
"Franklin County, Massachusetts",9625
"Franklin County, Mississippi",300
"Franklin County, Missouri",15352
"Franklin County, Nebraska",42
"Franklin County, New York",2848
"Franklin County, North Carolina",3192
"Franklin County, Ohio",118080
"Franklin County, Pennsylvania",4029
"Franklin County, Tennessee",420
"Franklin County, Texas",7
"Franklin County, Vermont",910
"Franklin County, Virginia",2701
"Franklin County, Washington",1223
"Franklin Parish, Louisiana",150
"Franklin city, Virginia",55
"Frederick County, Maryland",22232
"Frederick County, Virginia",7154
"Fredericksburg City, Virginia",75
"Fredericksburg city, Virginia",2169
"Freeborn County, Minnesota",1247
"Freestone County, Texas",1263
"Fremont County, Colorado",3396
"Fremont County, Iowa",371
"Fremont County, Wyoming",2097
"Fresno County, California",63096
"Frio County, Texas",125
"Frontier County, Nebraska",5
"Fulton County, Arkansas",100
"Fulton County, Georgia",322735
"Fulton County, Illinois",679
"Fulton County, Indiana",1345
"Fulton County, Kentucky",250
"Fulton County, New York",924
"Fulton County, Ohio",1072
"Fulton County, Pennsylvania",3825
"Furnas County, Nebraska",100
"Gadsden County, Florida",1595
"Gage County, Nebraska",395
"Gaines County, Texas",1429
"Galax city, Virginia",140
"Gallatin County, Montana",31425
"Gallia County, Ohio",317
"Galveston County, Texas",16158
"Garden County, Nebraska",295
"Garfield County, Colorado",6186
"Garfield County, Nebraska",20
"Garfield County, Oklahoma",7162
"Garfield County, Utah",125
"Garland County, Arkansas",8512
"Garrett County, Maryland",2674
"Garvin County, Oklahoma",1393
"Gasconade County, Missouri",25
"Gaston County, North Carolina",4755
"Gates County, North Carolina",67
"Geary County, Kansas",372
"Geauga County, Ohio",11344
"Gem County, Idaho",324
"Genesee County, Michigan",17813
"Genesee County, New York",751
"Geneva County, Alabama",12550
"Gentry County, Missouri",555
"George County, Mississippi",82
"Georgetown County, South Carolina",9958
"Gibson County, Indiana",922
"Gibson County, Tennessee",210
"Gila County, Arizona",5103
"Giles County, Tennessee",1906
"Giles County, Virginia",145
"Gillespie County, Texas",35968
"Gilmer County, Georgia",3571
"Gilpin County, Colorado",1250
"Glacier County, Montana",505
"Glades County, Florida",30
"Gladwin County, Michigan",4023
"Glasscock County, Texas",25
"Glenn County, California",403
"Gloucester County, New Jersey",10249
"Gloucester County, Virginia",752
"Glynn County, Georgia",9570
"Gogebic County, Michigan",476
"Golden Valley County, Montana",-430
"Goliad County, Texas",1122
"Gonzales County, Texas",505
"Goochland County, Virginia",2071
"Goodhue County, Minnesota",988
"Gooding County, Idaho",360
"Gordon County, Georgia",811
"Goshen County, Wyoming",1122
"Gosper County, Nebraska",25
"Gove County, Kansas",250
"Grady County, Georgia",45
"Grady County, Oklahoma",1805
"Grafton County, New Hampshire",30342
"Graham County, Arizona",490
"Graham County, North Carolina",62
"Grainger County, Tennessee",4880
"Grand County, Colorado",878
"Grand County, Utah",860
"Grand Forks County, North Dakota",4070
"Grand Isle County, Vermont",2600
"Grand Traverse County, Michigan",20421
"Granite County, Montana",177
"Grant County, Arkansas",950
"Grant County, Indiana",365
"Grant County, Kentucky",75
"Grant County, Minnesota",300
"Grant County, New Mexico",4230
"Grant County, North Dakota",150
"Grant County, Oregon",291
"Grant County, South Dakota",225
"Grant County, Washington",6215
"Grant County, Wisconsin",295
"Grant Parish, Louisiana",112
"Granville County, North Carolina",939
"Gratiot County, Michigan",109
"Graves County, Kentucky",340
"Gray County, Kansas",320
"Gray County, Texas",-489
"Grays Harbor County, Washington",2384
"Grayson County, Kentucky",305
"Grayson County, Texas",4331
"Grayson County, Virginia",50
"Green County, Kentucky",285
"Green County, Wisconsin",3107
"Green Lake County, Wisconsin",303
"Greenbrier County, West Virginia",1172
"Greene County, Alabama",50
"Greene County, Arkansas",2853
"Greene County, Georgia",1868
"Greene County, Illinois",480
"Greene County, Indiana",161
"Greene County, Missouri",19370
"Greene County, New York",4747
"Greene County, Ohio",10687
"Greene County, Pennsylvania",105
"Greene County, Tennessee",1563
"Greene County, Virginia",425
"Greenlee County, Arizona",100
"Greensville County, Virginia",100
"Greenup County, Kentucky",1165
"Greenville County, South Carolina",38998
"Greenwood County, Kansas",64
"Greenwood County, South Carolina",1798
"Greer County, Oklahoma",25
"Gregg County, Texas",6214
"Gregory County, South Dakota",25
"Grenada County, Mississippi",15
"Griggs County, North Dakota",400
"Grimes County, Texas",454
"Grundy County, Illinois",1708
"Grundy County, Iowa",1777
"Grundy County, Missouri",450
"Grundy County, Tennessee",25
"Guadalupe County, New Mexico",25
"Guadalupe County, Texas",8306
"Guaynabo Municipio, Puerto Rico",1738
"Guernsey County, Ohio",347
"Guilford County, North Carolina",34773
"Gulf County, Florida",117
"Gunnison County, Colorado",2880
"Guthrie County, Iowa",884
"Gwinnett County, Georgia",43590
"Haakon County, South Dakota",20
"Habersham County, Georgia",877
"Haines Borough, Alaska",15
"Hale County, Alabama",54
"Hale County, Texas",677
"Halifax County, North Carolina",1152
"Halifax County, Virginia",480
"Hall County, Georgia",10702
"Hall County, Nebraska",1081
"Hall County, Texas",100
"Hamblen County, Tennessee",1680
"Hamilton County, Florida",15
"Hamilton County, Illinois",320
"Hamilton County, Indiana",36405
"Hamilton County, Iowa",170
"Hamilton County, Nebraska",196
"Hamilton County, New York",0
"Hamilton County, Ohio",147797
"Hamilton County, Tennessee",29468
"Hamilton County, Texas",260
"Hampden County, Massachusetts",22427
"Hampshire County, Massachusetts",189239
"Hampshire County, West Virginia",195
"Hampton City, Virginia",51
"Hampton County, South Carolina",70
"Hampton city, Virginia",2874
"Hancock County, Georgia",1
"Hancock County, Illinois",1025
"Hancock County, Indiana",846
"Hancock County, Iowa",1552
"Hancock County, Kentucky",185
"Hancock County, Maine",7568
"Hancock County, Mississippi",1725
"Hancock County, Ohio",8382
"Hancock County, West Virginia",1513
"Hanover County, Virginia",4463
"Hansford County, Texas",100
"Hanson County, South Dakota",267
"Haralson County, Georgia",274
"Hardee County, Florida",102
"Hardeman County, Tennessee",315
"Hardin County, Iowa",750
"Hardin County, Kentucky",2249
"Hardin County, Ohio",1984
"Hardin County, Tennessee",1356
"Hardin County, Texas",937
"Harding County, South Dakota",113
"Hardy County, West Virginia",500
"Harford County, Maryland",9861
"Harlan County, Kentucky",60
"Harlan County, Nebraska",35
"Harnett County, North Carolina",3170
"Harney County, Oregon",100
"Harper County, Kansas",831
"Harris County, Georgia",4633
"Harris County, Texas",721287
"Harrison County, Indiana",1880
"Harrison County, Iowa",581
"Harrison County, Kentucky",25
"Harrison County, Mississippi",9088
"Harrison County, Missouri",100
"Harrison County, Ohio",581
"Harrison County, Texas",2323
"Harrison County, West Virginia",2819
"Harrisonburg city, Virginia",3528
"Hart County, Georgia",675
"Hart County, Kentucky",105
"Hartford County, Connecticut",70565
"Harvey County, Kansas",-1974
"Haskell County, Oklahoma",1045
"Haskell County, Texas",150
"Hawaii County, Hawaii",15699
"Hawkins County, Tennessee",647
"Hays County, Texas",23866
"Haywood County, North Carolina",2911
"Haywood County, Tennessee",1671
"Heard County, Georgia",70
"Hemphill County, Texas",250
"Hempstead County, Arkansas",40
"Henderson County, Illinois",200
"Henderson County, Kentucky",438
"Henderson County, North Carolina",7831
"Henderson County, Tennessee",765
"Henderson County, Texas",1256
"Hendricks County, Indiana",3865
"Hendry County, Florida",1331
"Hennepin County, Minnesota",293035
"Henrico County, Virginia",47362
"Henry County, Alabama",260
"Henry County, Georgia",4411
"Henry County, Illinois",2971
"Henry County, Indiana",536
"Henry County, Iowa",213
"Henry County, Kentucky",550
"Henry County, Missouri",140
"Henry County, Ohio",202
"Henry County, Tennessee",185
"Henry County, Virginia",590
"Herkimer County, New York",368
"Hernando County, Florida",4965
"Hertford County, North Carolina",35
"Hettinger County, North Dakota",140
"Hickman County, Kentucky",33
"Hickman County, Tennessee",1139
"Hickory County, Missouri",325
"Hidalgo County, New Mexico",45
"Hidalgo County, Texas",13797
"Highland County, Ohio",445
"Highlands County, Florida",6871
"Hill County, Montana",168
"Hill County, Texas",1106
"Hillsborough County, Florida",83795
"Hillsborough County, New Hampshire",31509
"Hillsdale County, Michigan",2465
"Hinds County, Mississippi",16207
"Hocking County, Ohio",368
"Hockley County, Texas",275
"Hoke County, North Carolina",507
"Holmes County, Florida",63
"Holmes County, Ohio",15
"Holt County, Nebraska",-700
"Honolulu County, Hawaii",57324
"Hood County, Texas",3526
"Hood River County, Oregon",2708
"Hoonah-Angoon Census Area, Alaska",293
"Hopewell city, Virginia",474
"Hopkins County, Kentucky",115
"Hopkins County, Texas",315
"Horry County, South Carolina",15526
"Hot Spring County, Arkansas",252
"Hot Springs County, Wyoming",280
"Houghton County, Michigan",1763
"Houston County, Alabama",4987
"Houston County, Georgia",6868
"Houston County, Minnesota",1075
"Houston County, Tennessee",10
"Houston County, Texas",457
"Howard County, Indiana",2625
"Howard County, Iowa",30
"Howard County, Maryland",64802
"Howard County, Missouri",50
"Howard County, Texas",2270
"Howell County, Missouri",348
"Hubbard County, Minnesota",355
"Hudson County, New Jersey",36276
"Huerfano County, Colorado",145
"Hughes County, Oklahoma",75
"Hughes County, South Dakota",1080
"Humacao Municipio, Puerto Rico",250
"Humboldt County, California",8251
"Humboldt County, Iowa",160
"Humboldt County, Nevada",429
"Humphreys County, Mississippi",250
"Humphreys County, Tennessee",80
"Hunt County, Texas",1445
"Hunterdon County, New Jersey",17112
"Huntingdon County, Pennsylvania",1939
"Huntington County, Indiana",2926
"Huron County, Michigan",358
"Huron County, Ohio",650
"Hutchinson County, Texas",256
"Hyde County, North Carolina",250
"Hyde County, South Dakota",50
"Iberia Parish, Louisiana",1934
"Iberville Parish, Louisiana",215
"Ida County, Iowa",617
"Idaho County, Idaho",392
"Imperial County, California",2110
"Independence County, Arkansas",998
"Indian River County, Florida",176528
"Indiana County, Pennsylvania",3529
"Ingham County, Michigan",27020
"Inyo County, California",3833
"Ionia County, Michigan",880
"Iosco County, Michigan",74
"Iowa County, Iowa",205
"Iowa County, Wisconsin",1417
"Iredell County, North Carolina",7391
"Irion County, Texas",50
"Iron County, Michigan",285
"Iron County, Missouri",85
"Iron County, Utah",1084
"Iron County, Wisconsin",275
"Iroquois County, Illinois",60
"Isabella County, Michigan",2448
"Isanti County, Minnesota",442
"Island County, Washington",32232
"Isle of Wight County, Virginia",537
"Issaquena County, Mississippi",35
"Itasca County, Minnesota",948
"Itawamba County, Mississippi",1846
"Izard County, Arkansas",15
"Jack County, Texas",725
"Jackson County, Alabama",1840
"Jackson County, Arkansas",158
"Jackson County, Florida",426
"Jackson County, Georgia",4084
"Jackson County, Illinois",2108
"Jackson County, Indiana",510
"Jackson County, Iowa",129
"Jackson County, Kansas",140
"Jackson County, Kentucky",10
"Jackson County, Michigan",5908
"Jackson County, Minnesota",3065
"Jackson County, Mississippi",3796
"Jackson County, Missouri",52412
"Jackson County, North Carolina",5480
"Jackson County, Ohio",50
"Jackson County, Oklahoma",400
"Jackson County, Oregon",30782
"Jackson County, Tennessee",5000
"Jackson County, Texas",75
"Jackson County, West Virginia",286
"Jackson County, Wisconsin",215
"Jackson Parish, Louisiana",27
"James City County, Virginia",13739
"Jasper County, Georgia",11675
"Jasper County, Illinois",30
"Jasper County, Indiana",1208
"Jasper County, Iowa",926
"Jasper County, Mississippi",1780
"Jasper County, Missouri",3146
"Jasper County, South Carolina",150
"Jasper County, Texas",130
"Jay County, Indiana",62
"Jeff Davis County, Texas",583
"Jefferson County, Alabama",73439
"Jefferson County, Arkansas",69
"Jefferson County, Colorado",111789
"Jefferson County, Florida",440
"Jefferson County, Idaho",2945
"Jefferson County, Illinois",-794
"Jefferson County, Indiana",1208
"Jefferson County, Iowa",1222
"Jefferson County, Kansas",466
"Jefferson County, Kentucky",56066
"Jefferson County, Missouri",2760
"Jefferson County, Montana",2025
"Jefferson County, Nebraska",25
"Jefferson County, New York",3515
"Jefferson County, Ohio",749
"Jefferson County, Oregon",3050
"Jefferson County, Pennsylvania",125
"Jefferson County, Tennessee",992
"Jefferson County, Texas",10322
"Jefferson County, Washington",9312
"Jefferson County, West Virginia",3221
"Jefferson County, Wisconsin",1177
"Jefferson Davis County, Mississippi",25
"Jefferson Davis Parish, Louisiana",90
"Jefferson Parish, Louisiana",24923
"Jenkins County, Georgia",400
"Jennings County, Indiana",620
"Jerome County, Idaho",1600
"Jersey County, Illinois",2800
"Jessamine County, Kentucky",5661
"Jim Wells County, Texas",1359
"Jo Daviess County, Illinois",1316
"Johnson County, Arkansas",160
"Johnson County, Georgia",30
"Johnson County, Illinois",89
"Johnson County, Indiana",4657
"Johnson County, Iowa",24821
"Johnson County, Kansas",112763
"Johnson County, Kentucky",2835
"Johnson County, Missouri",3597
"Johnson County, Tennessee",515
"Johnson County, Texas",4961
"Johnson County, Wyoming",3360
"Johnston County, North Carolina",3174
"Johnston County, Oklahoma",1050
"Jones County, Georgia",125
"Jones County, Iowa",28
"Jones County, Mississippi",1472
"Jones County, Texas",201
"Josephine County, Oregon",7855
"Juab County, Utah",125
"Juneau City and Borough, Alaska",4806
"Juneau County, Wisconsin",250
"Juniata County, Pennsylvania",915
"Kalamazoo County, Michigan",32810
"Kalkaska County, Michigan",254
"Kanabec County, Minnesota",301
"Kanawha County, West Virginia",8404
"Kandiyohi County, Minnesota",1575
"Kane County, Illinois",69145
"Kane County, Utah",100
"Kankakee County, Illinois",1336
"Karnes County, Texas",584
"Kauai County, Hawaii",4105
"Kaufman County, Texas",1196
"Kay County, Oklahoma",990
"Kearney County, Nebraska",6
"Kearny County, Kansas",100
"Keith County, Nebraska",460
"Kemper County, Mississippi",20
"Kenai Peninsula Borough, Alaska",15930
"Kendall County, Illinois",2580
"Kendall County, Texas",17172
"Kennebec County, Maine",9675
"Kenosha County, Wisconsin",5166
"Kent County, Delaware",8031
"Kent County, Maryland",2587
"Kent County, Michigan",80286
"Kent County, Rhode Island",15553
"Kenton County, Kentucky",6796
"Keokuk County, Iowa",50
"Kern County, California",55654
"Kerr County, Texas",5564
"Kershaw County, South Carolina",946
"Ketchikan Gateway Borough, Alaska",3276
"Kewaunee County, Wisconsin",35
"Keweenaw County, Michigan",10
"Keya Paha County, Nebraska",50
"Kimble County, Texas",870
"King County, Texas",30
"King County, Washington",1548194
"King George County, Virginia",3245
"King William County, Virginia",108
"King and Queen County, Virginia",70
"Kingfisher County, Oklahoma",347
"Kingman County, Kansas",140
"Kings County, California",12789
"Kings County, New York",306006
"Kingsbury County, South Dakota",478
"Kiowa County, Kansas",50
"Kiowa County, Oklahoma",115
"Kit Carson County, Colorado",100
"Kitsap County, Washington",42295
"Kittitas County, Washington",15928
"Kittson County, Minnesota",200
"Klamath County, Oregon",3328
"Kleberg County, Texas",11218
"Klickitat County, Washington",4577
"Knott County, Kentucky",2000
"Knox County, Illinois",830
"Knox County, Indiana",355
"Knox County, Kentucky",40
"Knox County, Maine",7678
"Knox County, Missouri",10
"Knox County, Ohio",5074
"Knox County, Tennessee",73857
"Kodiak Island Borough, Alaska",955
"Koochiching County, Minnesota",410
"Kootenai County, Idaho",8534
"Kosciusko County, Indiana",2473
"Kossuth County, Iowa",2350
"Kusilvak Census Area, Alaska",120
"La Crosse County, Wisconsin",7691
"La Paz County, Arizona",1293
"La Plata County, Colorado",11852
"La Salle County, Texas",35
"LaGrange County, Indiana",350
"LaPorte County, Indiana",3166
"LaSalle County, Illinois",1076
"LaSalle Parish, Louisiana",800
"Labette County, Kansas",96
"Lac qui Parle County, Minnesota",100
"Lackawanna County, Pennsylvania",13411
"Laclede County, Missouri",1020
"Lafayette County, Mississippi",8182
"Lafayette County, Missouri",137
"Lafayette County, Wisconsin",65
"Lafayette Parish, Louisiana",10129
"Lafourche Parish, Louisiana",4736
"Lajas Municipio, Puerto Rico",7
"Lake County, California",1930
"Lake County, Colorado",240
"Lake County, Florida",24341
"Lake County, Illinois",115439
"Lake County, Indiana",11654
"Lake County, Michigan",665
"Lake County, Minnesota",270
"Lake County, Montana",2412
"Lake County, Ohio",8500
"Lake County, Oregon",93
"Lake County, South Dakota",830
"Lake County, Tennessee",1000
"Lamar County, Alabama",305
"Lamar County, Georgia",200
"Lamar County, Mississippi",2579
"Lamar County, Texas",1167
"Lamb County, Texas",2235
"Lamoille County, Vermont",2691
"Lampasas County, Texas",945
"Lancaster County, Nebraska",15152
"Lancaster County, Pennsylvania",30136
"Lancaster County, South Carolina",5863
"Lancaster County, Virginia",2665
"Lander County, Nevada",185
"Lane County, Kansas",500
"Lane County, Oregon",43059
"Langlade County, Wisconsin",1123
"Lanier County, Georgia",1055
"Lapeer County, Michigan",1224
"Laramie County, Wyoming",3812
"Lares Municipio, Puerto Rico",50
"Larimer County, Colorado",43839
"Larue County, Kentucky",520
"Las Animas County, Colorado",555
"Lassen County, California",574
"Latah County, Idaho",5035
"Lauderdale County, Alabama",3989
"Lauderdale County, Mississippi",2169
"Lauderdale County, Tennessee",92
"Laurel County, Kentucky",2878
"Laurens County, Georgia",992
"Laurens County, South Carolina",1699
"Lavaca County, Texas",96
"Lawrence County, Alabama",344
"Lawrence County, Arkansas",13
"Lawrence County, Illinois",355
"Lawrence County, Indiana",635
"Lawrence County, Kentucky",285
"Lawrence County, Mississippi",190
"Lawrence County, Missouri",590
"Lawrence County, Ohio",185
"Lawrence County, Pennsylvania",1281
"Lawrence County, South Dakota",1046
"Lawrence County, Tennessee",503
"Le Flore County, Oklahoma",152
"Le Sueur County, Minnesota",497
"Lea County, New Mexico",7297
"Leake County, Mississippi",518
"Leavenworth County, Kansas",2485
"Lebanon County, Pennsylvania",5476
"Lee County, Alabama",5834
"Lee County, Arkansas",25
"Lee County, Florida",142372
"Lee County, Georgia",736
"Lee County, Illinois",329
"Lee County, Iowa",594
"Lee County, Mississippi",403
"Lee County, North Carolina",4527
"Lee County, South Carolina",50
"Lee County, Texas",700
"Leelanau County, Michigan",7746
"Leflore County, Mississippi",350
"Lehigh County, Pennsylvania",27200
"Lemhi County, Idaho",62
"Lenawee County, Michigan",2336
"Lenoir County, North Carolina",430
"Leon County, Florida",37079
"Leon County, Texas",3320
"Letcher County, Kentucky",290
"Levy County, Florida",2433
"Lewis County, Idaho",1440
"Lewis County, Kentucky",165
"Lewis County, Missouri",12
"Lewis County, New York",350
"Lewis County, Washington",1596
"Lewis County, West Virginia",17
"Lewis and Clark County, Montana",9656
"Lexington County, South Carolina",17619
"Liberty County, Florida",50
"Liberty County, Georgia",2521
"Liberty County, Texas",2005
"Licking County, Ohio",7656
"Limestone County, Alabama",2470
"Limestone County, Texas",25
"Lincoln County, Arkansas",111
"Lincoln County, Colorado",50
"Lincoln County, Georgia",510
"Lincoln County, Idaho",29
"Lincoln County, Kansas",350
"Lincoln County, Kentucky",600
"Lincoln County, Maine",6150
"Lincoln County, Minnesota",112
"Lincoln County, Mississippi",680
"Lincoln County, Missouri",1487
"Lincoln County, Montana",475
"Lincoln County, Nebraska",1128
"Lincoln County, Nevada",250
"Lincoln County, New Mexico",1411
"Lincoln County, North Carolina",1832
"Lincoln County, Oklahoma",570
"Lincoln County, Oregon",11636
"Lincoln County, South Dakota",6250
"Lincoln County, Tennessee",1688
"Lincoln County, Washington",523
"Lincoln County, West Virginia",65
"Lincoln County, Wisconsin",1651
"Lincoln County, Wyoming",1985
"Lincoln Parish, Louisiana",3135
"Linn County, Iowa",22559
"Linn County, Kansas",68
"Linn County, Missouri",83
"Linn County, Oregon",1305
"Lipscomb County, Texas",100
"Litchfield County, Connecticut",38619
"Live Oak County, Texas",535
"Livingston County, Illinois",360
"Livingston County, Kentucky",85
"Livingston County, Michigan",18404
"Livingston County, Missouri",120
"Livingston County, New York",1500
"Livingston Parish, Louisiana",1164
"Llano County, Texas",2114
"Logan County, Arkansas",16
"Logan County, Colorado",500
"Logan County, Illinois",2568
"Logan County, Kentucky",421
"Logan County, Nebraska",250
"Logan County, Ohio",1235
"Logan County, Oklahoma",1077
"Logan County, West Virginia",905
"Long County, Georgia",17
"Lonoke County, Arkansas",929
"Lorain County, Ohio",10581
"Los Alamos County, New Mexico",4539
"Los Angeles County, California",2131405
"Loudon County, Tennessee",38695
"Loudoun County, Virginia",33969
"Louisa County, Virginia",3250
"Love County, Oklahoma",505
"Lowndes County, Alabama",67
"Lowndes County, Georgia",5450
"Lowndes County, Mississippi",6216
"Lubbock County, Texas",16761
"Lucas County, Iowa",65
"Lucas County, Ohio",19996
"Luce County, Michigan",398
"Lumpkin County, Georgia",1065
"Luna County, New Mexico",1284
"Lunenburg County, Virginia",35
"Luzerne County, Pennsylvania",18992
"Lycoming County, Pennsylvania",2799
"Lyman County, South Dakota",1100
"Lynchburg city, Virginia",8834
"Lynn County, Texas",125
"Lyon County, Iowa",100
"Lyon County, Kansas",143
"Lyon County, Minnesota",662
"Lyon County, Nevada",6952
"Mackinac County, Michigan",1142
"Macomb County, Michigan",30793
"Macon County, Alabama",110
"Macon County, Illinois",2516
"Macon County, Missouri",226
"Macon County, North Carolina",1947
"Macon County, Tennessee",191
"Macoupin County, Illinois",1068
"Madera County, California",2476
"Madison County, Alabama",56637
"Madison County, Arkansas",770
"Madison County, Florida",223
"Madison County, Georgia",2040
"Madison County, Idaho",60
"Madison County, Illinois",22733
"Madison County, Indiana",1692
"Madison County, Iowa",5290
"Madison County, Kentucky",4772
"Madison County, Mississippi",16057
"Madison County, Missouri",55
"Madison County, Montana",2785
"Madison County, Nebraska",-125
"Madison County, New York",6464
"Madison County, North Carolina",400
"Madison County, Ohio",569
"Madison County, Tennessee",3384
"Madison County, Texas",107
"Madison County, Virginia",250
"Madison Parish, Louisiana",25
"Mahaska County, Iowa",300
"Mahoning County, Ohio",4209
"Malheur County, Oregon",455
"Manassas city, Virginia",1202
"Manatee County, Florida",40637
"Manistee County, Michigan",952
"Manitowoc County, Wisconsin",3905
"Marathon County, Wisconsin",12455
"Marengo County, Alabama",275
"Maricopa County, Arizona",600502
"Maries County, Missouri",35
"Marin County, California",889844
"Marinette County, Wisconsin",1390
"Marion County, Alabama",550
"Marion County, Arkansas",575
"Marion County, Florida",19288
"Marion County, Georgia",350
"Marion County, Illinois",554
"Marion County, Indiana",45969
"Marion County, Iowa",-1787
"Marion County, Kansas",1513
"Marion County, Kentucky",50
"Marion County, Missouri",1515
"Marion County, Ohio",875
"Marion County, Oregon",17917
"Marion County, South Carolina",70
"Marion County, Tennessee",270
"Marion County, Texas",126
"Marion County, West Virginia",3760
"Mariposa County, California",710
"Marlboro County, South Carolina",673
"Marquette County, Michigan",1339
"Marquette County, Wisconsin",811
"Marshall County, Alabama",1925
"Marshall County, Illinois",22
"Marshall County, Indiana",-189
"Marshall County, Iowa",10325
"Marshall County, Kansas",25
"Marshall County, Kentucky",740
"Marshall County, Minnesota",50
"Marshall County, Mississippi",883
"Marshall County, Oklahoma",96
"Marshall County, South Dakota",275
"Marshall County, Tennessee",1218
"Marshall County, West Virginia",485
"Martin County, Florida",51009
"Martin County, Indiana",30
"Martin County, Kentucky",500
"Martin County, Minnesota",450
"Martin County, North Carolina",342
"Martin County, Texas",99
"Mason County, Illinois",81
"Mason County, Kentucky",92
"Mason County, Michigan",1403
"Mason County, Texas",418
"Mason County, Washington",-339
"Mason County, West Virginia",100
"Massac County, Illinois",75
"Matagorda County, Texas",555
"Matanuska-Susitna Borough, Alaska",10762
"Mathews County, Virginia",960
"Maui County, Hawaii",19627
"Maury County, Tennessee",4573
"Maverick County, Texas",3010
"Mayaguez Municipio, Puerto Rico",500
"Mayes County, Oklahoma",377
"McClain County, Oklahoma",4901
"McCook County, South Dakota",45
"McCormick County, South Carolina",965
"McCracken County, Kentucky",2312
"McCulloch County, Texas",217
"McCurtain County, Oklahoma",505
"McDonald County, Missouri",25
"McDonough County, Illinois",5621
"McDowell County, North Carolina",1510
"McDowell County, West Virginia",35
"McDuffie County, Georgia",242
"McHenry County, Illinois",21584
"McHenry County, North Dakota",55
"McIntosh County, Georgia",300
"McIntosh County, North Dakota",42
"McIntosh County, Oklahoma",165
"McKean County, Pennsylvania",1678
"McKenzie County, North Dakota",1898
"McKinley County, New Mexico",1583
"McLean County, Illinois",8153
"McLean County, Kentucky",200
"McLean County, North Dakota",331
"McLennan County, Texas",20327
"McLeod County, Minnesota",421
"McMinn County, Tennessee",784
"McNairy County, Tennessee",35
"McPherson County, Kansas",3540
"McPherson County, South Dakota",35
"Mccracken County, Kentucky",30
"Mchenry County, Illinois",5
"Mclean County, Illinois",20
"Mclennan County, Texas",100
"Meade County, Kansas",2475
"Meade County, Kentucky",364
"Meade County, South Dakota",789
"Mecklenburg County, North Carolina",96050
"Mecklenburg County, Virginia",1328
"Mecosta County, Michigan",1664
"Medina County, Ohio",8564
"Medina County, Texas",1317
"Meeker County, Minnesota",775
"Meigs County, Ohio",207
"Meigs County, Tennessee",300
"Menard County, Illinois",1606
"Menard County, Texas",25
"Mendocino County, California",19832
"Menifee County, Kentucky",137
"Menominee County, Michigan",2446
"Merced County, California",6777
"Mercer County, Illinois",1182
"Mercer County, Kentucky",156
"Mercer County, New Jersey",78827
"Mercer County, North Dakota",45
"Mercer County, Ohio",521
"Mercer County, Pennsylvania",3109
"Mercer County, West Virginia",1438
"Meriwether County, Georgia",110
"Merrick County, Nebraska",562
"Merrimack County, New Hampshire",12678
"Mesa County, Colorado",11947
"Miami County, Indiana",522
"Miami County, Kansas",11079
"Miami County, Ohio",8360
"Miami-Dade County, Florida",415699
"Middlesex County, Connecticut",19770
"Middlesex County, Massachusetts",967405
"Middlesex County, New Jersey",35119
"Middlesex County, Virginia",689
"Midland County, Michigan",6323
"Midland County, Texas",37681
"Mifflin County, Pennsylvania",900
"Milam County, Texas",470
"Millard County, Utah",185
"Mille Lacs County, Minnesota",3979
"Miller County, Arkansas",1520
"Miller County, Georgia",520
"Miller County, Missouri",398
"Mills County, Iowa",-1363
"Mills County, Texas",360
"Milwaukee County, Wisconsin",91188
"Mineral County, Colorado",210
"Mineral County, Montana",25
"Mineral County, Nevada",60
"Mineral County, West Virginia",324
"Mingo County, West Virginia",142
"Minidoka County, Idaho",187
"Minnehaha County, South Dakota",16830
"Missaukee County, Michigan",218
"Mississippi County, Arkansas",82
"Mississippi County, Missouri",100
"Missoula County, Montana",15327
"Mitchell County, Georgia",1739
"Mitchell County, Iowa",292
"Mitchell County, North Carolina",678
"Mobile County, Alabama",23193
"Modoc County, California",366
"Moffat County, Colorado",294
"Mohave County, Arizona",10857
"Moniteau County, Missouri",145
"Monmouth County, New Jersey",61443
"Mono County, California",1766
"Monona County, Iowa",64
"Monongalia County, West Virginia",5106
"Monroe County, Alabama",363
"Monroe County, Florida",19220
"Monroe County, Georgia",555
"Monroe County, Illinois",1831
"Monroe County, Indiana",19199
"Monroe County, Iowa",50
"Monroe County, Michigan",3285
"Monroe County, Mississippi",569
"Monroe County, Missouri",82
"Monroe County, New York",56341
"Monroe County, Ohio",827
"Monroe County, Pennsylvania",6881
"Monroe County, Tennessee",1660
"Monroe County, West Virginia",440
"Monroe County, Wisconsin",311
"Montague County, Texas",638
"Montcalm County, Michigan",2164
"Monterey County, California",46298
"Montezuma County, Colorado",3021
"Montgomery County, Alabama",10607
"Montgomery County, Arkansas",205
"Montgomery County, Illinois",688
"Montgomery County, Indiana",410
"Montgomery County, Iowa",241
"Montgomery County, Kansas",598
"Montgomery County, Kentucky",1360
"Montgomery County, Maryland",791397
"Montgomery County, Mississippi",350
"Montgomery County, Missouri",61
"Montgomery County, New York",2436
"Montgomery County, North Carolina",426
"Montgomery County, Ohio",23131
"Montgomery County, Pennsylvania",126236
"Montgomery County, Tennessee",15249
"Montgomery County, Texas",99672
"Montgomery County, Virginia",8421
"Montmorency County, Michigan",397
"Montour County, Pennsylvania",855
"Montrose County, Colorado",3726
"Moody County, South Dakota",25
"Moore County, North Carolina",17913
"Moore County, Texas",3215
"Mora County, New Mexico",115
"Morehouse Parish, Louisiana",42
"Morgan County, Alabama",3778
"Morgan County, Colorado",1240
"Morgan County, Georgia",380
"Morgan County, Illinois",2093
"Morgan County, Indiana",1621
"Morgan County, Kentucky",1925
"Morgan County, Missouri",3220
"Morgan County, Ohio",600
"Morgan County, Tennessee",540
"Morgan County, Utah",335
"Morgan County, West Virginia",-1320
"Morrill County, Nebraska",100
"Morris County, New Jersey",201754
"Morris County, Texas",-138
"Morrison County, Minnesota",201
"Morrow County, Ohio",196
"Morton County, Kansas",41
"Morton County, North Dakota",946
"Motley County, Texas",50
"Moultrie County, Illinois",428
"Mountrail County, North Dakota",1847
"Mower County, Minnesota",945
"Muhlenberg County, Kentucky",1530
"Multnomah County, Oregon",180175
"Municipality of Anchorage, Alaska",1955
"Murray County, Georgia",2885
"Murray County, Minnesota",282
"Murray County, Oklahoma",1326
"Muscatine County, Iowa",1390
"Muscogee County, Georgia",7542
"Muskegon County, Michigan",7409
"Muskingum County, Ohio",801
"Muskogee County, Oklahoma",1452
"Nacogdoches County, Texas",9650
"Nantucket County, Massachusetts",1890
"Napa County, California",28396
"Nash County, North Carolina",3885
"Nassau County, Florida",8295
"Nassau County, New York",208101
"Natchitoches Parish, Louisiana",953
"Natrona County, Wyoming",5321
"Navajo County, Arizona",3405
"Navarro County, Texas",1095
"Nelson County, Kentucky",4065
"Nelson County, Virginia",3120
"Nemaha County, Kansas",25
"Nemaha County, Nebraska",42
"Neosho County, Kansas",1077
"Neshoba County, Mississippi",1960
"Nevada County, California",21175
"New Castle County, Delaware",73455
"New Hanover County, North Carolina",19128
"New Haven County, Connecticut",184297
"New Kent County, Virginia",469
"New London County, Connecticut",25237
"New Madrid County, Missouri",290
"New York County, New York",2727106
"Newaygo County, Michigan",1720
"Newberry County, South Carolina",130
"Newport County, Rhode Island",12171
"Newport News city, Virginia",4205
"Newton County, Arkansas",136
"Newton County, Georgia",3374
"Newton County, Indiana",258
"Newton County, Mississippi",245
"Newton County, Missouri",721
"Newton County, Texas",200
"Nez Perce County, Idaho",605
"Niagara County, New York",4007
"Nicholas County, Kentucky",25
"Nicholas County, West Virginia",-50
"Nicollet County, Minnesota",792
"Noble County, Indiana",460
"Noble County, Oklahoma",162
"Nobles County, Minnesota",35
"Nodaway County, Missouri",72
"Nolan County, Texas",496
"Nome Census Area, Alaska",187
"Norfolk County, Massachusetts",195279
"Norfolk city, Virginia",16849
"North Slope Borough, Alaska",335
"Northampton County, North Carolina",85
"Northampton County, Pennsylvania",16889
"Northampton County, Virginia",320
"Northumberland County, Pennsylvania",1665
"Northumberland County, Virginia",883
"Norton County, Kansas",35
"Nottoway County, Virginia",170
"Nowata County, Oklahoma",285
"Noxubee County, Mississippi",1000
"Nueces County, Texas",25390
"Nye County, Nevada",1341
"O'Brien County, Iowa",951
"Oakland County, Michigan",276739
"Obion County, Tennessee",50
"Ocean County, New Jersey",27564
"Oceana County, Michigan",886
"Ochiltree County, Texas",1677
"Oconee County, Georgia",14250
"Oconee County, South Carolina",7084
"Oconto County, Wisconsin",1104
"Ogemaw County, Michigan",340
"Ogle County, Illinois",350
"Oglethorpe County, Georgia",315
"Ohio County, Kentucky",144
"Ohio County, West Virginia",5980
"Okaloosa County, Florida",14251
"Okanogan County, Washington",3471
"Okeechobee County, Florida",563
"Oklahoma County, Oklahoma",162938
"Okmulgee County, Oklahoma",262
"Oktibbeha County, Mississippi",4500
"Oldham County, Kentucky",14139
"Oldham County, Texas",250
"Olmsted County, Minnesota",15798
"Oneida County, New York",5562
"Oneida County, Wisconsin",8445
"Onondaga County, New York",32844
"Onslow County, North Carolina",3904
"Ontario County, New York",10138
"Ontonagon County, Michigan",74
"Orange County, California",504510
"Orange County, Florida",105145
"Orange County, Indiana",186
"Orange County, New York",22804
"Orange County, North Carolina",88410
"Orange County, Texas",2685
"Orange County, Vermont",2025
"Orange County, Virginia",1488
"Orangeburg County, South Carolina",1516
"Oregon County, Missouri",20
"Orleans County, New York",875
"Orleans County, Vermont",1350
"Orleans Parish, Louisiana",39026
"Osage County, Kansas",2341
"Osage County, Missouri",65
"Osage County, Oklahoma",1360
"Osceola County, Florida",6475
"Osceola County, Iowa",100
"Osceola County, Michigan",1556
"Oscoda County, Michigan",359
"Oswego County, New York",1955
"Otero County, Colorado",155
"Otero County, New Mexico",1562
"Otoe County, Nebraska",125
"Otsego County, Michigan",-799
"Otsego County, New York",2848
"Ottawa County, Kansas",25
"Ottawa County, Michigan",19767
"Ottawa County, Ohio",3845
"Ottawa County, Oklahoma",1048
"Otter Tail County, Minnesota",1277
"Ouachita County, Arkansas",275
"Ouachita Parish, Louisiana",9075
"Ouray County, Colorado",2833
"Outagamie County, Wisconsin",5112
"Overton County, Tennessee",145
"Owen County, Indiana",217
"Owyhee County, Idaho",227
"Oxford County, Maine",1867
"Ozark County, Missouri",152
"Ozaukee County, Wisconsin",27726
"Pacific County, Washington",3843
"Page County, Iowa",420
"Page County, Virginia",422
"Palm Beach County, Florida",592177
"Palo Alto County, Iowa",400
"Palo Pinto County, Texas",230
"Pamlico County, North Carolina",1161
"Panola County, Mississippi",165
"Panola County, Texas",145
"Park County, Colorado",547
"Park County, Montana",8811
"Park County, Wyoming",3036
"Parke County, Indiana",40
"Parker County, Texas",13660
"Parmer County, Texas",153
"Pasco County, Florida",12324
"Pasquotank County, North Carolina",1910
"Passaic County, New Jersey",9250
"Patillas Municipio, Puerto Rico",25
"Patrick County, Virginia",113
"Paulding County, Georgia",2017
"Paulding County, Ohio",68
"Pawnee County, Kansas",120
"Pawnee County, Oklahoma",-800
"Payette County, Idaho",631
"Payne County, Oklahoma",2079
"Peach County, Georgia",1434
"Pearl River County, Mississippi",2155
"Pecos County, Texas",1450
"Pembina County, North Dakota",40
"Pend Oreille County, Washington",1864
"Pender County, North Carolina",1279
"Pendleton County, West Virginia",14
"Pennington County, Minnesota",125
"Pennington County, South Dakota",4066
"Penobscot County, Maine",17178
"Peoria County, Illinois",16903
"Pepin County, Wisconsin",1585
"Perkins County, Nebraska",22
"Perkins County, South Dakota",20
"Perquimans County, North Carolina",171
"Perry County, Alabama",20
"Perry County, Illinois",621
"Perry County, Indiana",20
"Perry County, Kentucky",28
"Perry County, Mississippi",50
"Perry County, Missouri",400
"Perry County, Ohio",1683
"Perry County, Pennsylvania",694
"Person County, North Carolina",1929
"Petersburg Borough, Alaska",75
"Petersburg city, Virginia",387
"Pettis County, Missouri",235
"Phelps County, Missouri",1386
"Phelps County, Nebraska",3198
"Philadelphia County, Pennsylvania",172291
"Phillips County, Arkansas",335
"Phillips County, Kansas",10
"Piatt County, Illinois",1695
"Pickaway County, Ohio",1915
"Pickens County, Alabama",56
"Pickens County, Georgia",1716
"Pickens County, South Carolina",10575
"Pickett County, Tennessee",230
"Pierce County, Georgia",500
"Pierce County, Nebraska",108
"Pierce County, North Dakota",75
"Pierce County, Washington",50307
"Pierce County, Wisconsin",3446
"Pike County, Alabama",5286
"Pike County, Arkansas",90
"Pike County, Georgia",484
"Pike County, Illinois",233
"Pike County, Indiana",130
"Pike County, Kentucky",710
"Pike County, Mississippi",-1075
"Pike County, Missouri",667
"Pike County, Ohio",325
"Pike County, Pennsylvania",4739
"Pima County, Arizona",136583
"Pinal County, Arizona",16919
"Pine County, Minnesota",910
"Pinellas County, Florida",98248
"Pipestone County, Minnesota",350
"Piscataquis County, Maine",100
"Pitkin County, Colorado",24616
"Pitt County, North Carolina",5446
"Pittsburg County, Oklahoma",2454
"Pittsylvania County, Virginia",460
"Placer County, California",53535
"Plaquemines Parish, Louisiana",2525
"Platte County, Missouri",12571
"Platte County, Nebraska",1082
"Platte County, Wyoming",35
"Pleasants County, West Virginia",25
"Plumas County, California",2118
"Plymouth County, Iowa",241
"Plymouth County, Massachusetts",40928
"Pocahontas County, Iowa",260
"Pocahontas County, West Virginia",475
"Poinsett County, Arkansas",90
"Pointe Coupee Parish, Louisiana",200
"Polk County, Arkansas",310
"Polk County, Florida",26784
"Polk County, Georgia",2040
"Polk County, Iowa",61031
"Polk County, Minnesota",732
"Polk County, Missouri",854
"Polk County, Nebraska",10
"Polk County, North Carolina",1112
"Polk County, Oregon",5803
"Polk County, Tennessee",67
"Polk County, Texas",4984
"Polk County, Wisconsin",2360
"Pondera County, Montana",400
"Pontotoc County, Mississippi",181
"Pontotoc County, Oklahoma",6908
"Pope County, Arkansas",1279
"Pope County, Minnesota",23
"Poquoson city, Virginia",755
"Portage County, Ohio",5235
"Portage County, Wisconsin",2474
"Porter County, Indiana",9380
"Portsmouth city, Virginia",414
"Posey County, Indiana",230
"Pottawatomie County, Kansas",2825
"Pottawatomie County, Oklahoma",1347
"Pottawattamie County, Iowa",2044
"Potter County, Pennsylvania",400
"Potter County, Texas",2842
"Powell County, Montana",523
"Power County, Idaho",27
"Poweshiek County, Iowa",1165
"Powhatan County, Virginia",3681
"Prairie County, Arkansas",63
"Pratt County, Kansas",267
"Preble County, Ohio",2103
"Prentiss County, Mississippi",400
"Presidio County, Texas",25
"Presque Isle County, Michigan",1662
"Preston County, West Virginia",475
"Price County, Wisconsin",465
"Prince Edward County, Virginia",3168
"Prince George County, Virginia",2515
"Prince George's County, Maryland",45008
"Prince William County, Virginia",23942
"Prince of Wales-Hyder Census Area, Alaska",100
"Providence County, Rhode Island",42398
"Prowers County, Colorado",255
"Pueblo County, Colorado",8086
"Pulaski County, Arkansas",22209
"Pulaski County, Illinois",268
"Pulaski County, Indiana",1630
"Pulaski County, Kentucky",4069
"Pulaski County, Missouri",706
"Pulaski County, Virginia",335
"Pushmataha County, Oklahoma",5
"Putnam County, Florida",2206
"Putnam County, Georgia",1102
"Putnam County, Illinois",70
"Putnam County, Indiana",434
"Putnam County, Missouri",200
"Putnam County, New York",9391
"Putnam County, Ohio",238
"Putnam County, Tennessee",6012
"Putnam County, West Virginia",770
"Quay County, New Mexico",306
"Quebradillas Municipio, Puerto Rico",20
"Queen Anne's County, Maryland",2710
"Queens County, New York",62308
"Rabun County, Georgia",1188
"Racine County, Wisconsin",9475
"Radford city, Virginia",130
"Rains County, Texas",35
"Raleigh County, West Virginia",2236
"Ralls County, Missouri",210
"Ramsey County, Minnesota",87275
"Ramsey County, North Dakota",430
"Randall County, Texas",7298
"Randolph County, Alabama",500
"Randolph County, Arkansas",450
"Randolph County, Georgia",235
"Randolph County, Illinois",890
"Randolph County, Indiana",586
"Randolph County, Missouri",495
"Randolph County, North Carolina",4053
"Randolph County, West Virginia",350
"Rankin County, Mississippi",11120
"Rapides Parish, Louisiana",12629
"Rappahannock County, Virginia",3725
"Ravalli County, Montana",15129
"Rawlins County, Kansas",101
"Ray County, Missouri",113
"Real County, Texas",5
"Red Lake County, Minnesota",535
"Red River County, Texas",3105
"Red River Parish, Louisiana",25
"Red Willow County, Nebraska",-35
"Redwood County, Minnesota",1020
"Reeves County, Texas",50
"Refugio County, Texas",25
"Reno County, Kansas",3371
"Rensselaer County, New York",8430
"Renville County, Minnesota",575
"Renville County, North Dakota",24
"Republic County, Kansas",40
"Reynolds County, Missouri",30
"Rhea County, Tennessee",1092
"Rice County, Kansas",296
"Rice County, Minnesota",2387
"Rich County, Utah",100
"Richardson County, Nebraska",81
"Richland County, Illinois",204
"Richland County, Montana",1459
"Richland County, North Dakota",184
"Richland County, Ohio",3862
"Richland County, South Carolina",37007
"Richland County, Wisconsin",322
"Richland Parish, Louisiana",1100
"Richmond City, Virginia",330
"Richmond County, Georgia",5335
"Richmond County, New York",30730
"Richmond County, North Carolina",950
"Richmond County, Virginia",50
"Richmond city, Virginia",18707
"Riley County, Kansas",8496
"Ringgold County, Iowa",250
"Rio Arriba County, New Mexico",5096
"Rio Blanco County, Colorado",248
"Rio Grande County, Colorado",1050
"Ripley County, Indiana",1370
"Ripley County, Missouri",35
"Ritchie County, West Virginia",-158
"Riverside County, California",111357
"Roane County, Tennessee",1122
"Roane County, West Virginia",2815
"Roanoke City, Virginia",149
"Roanoke County, Virginia",111220
"Roanoke city, Virginia",3653
"Roberts County, Texas",42
"Robertson County, Tennessee",656
"Robertson County, Texas",100
"Robeson County, North Carolina",1696
"Rock County, Minnesota",37
"Rock County, Wisconsin",6912
"Rock Island County, Illinois",3067
"Rockbridge County, Virginia",149
"Rockdale County, Georgia",847
"Rockingham County, New Hampshire",34294
"Rockingham County, North Carolina",1638
"Rockingham County, Virginia",834
"Rockland County, New York",24464
"Rockwall County, Texas",13617
"Rogers County, Oklahoma",4417
"Rolette County, North Dakota",-27
"Roosevelt County, Montana",31
"Roosevelt County, New Mexico",418
"Roscommon County, Michigan",433
"Roseau County, Minnesota",293
"Rosebud County, Montana",770
"Ross County, Ohio",941
"Routt County, Colorado",10907
"Rowan County, Kentucky",768
"Rowan County, North Carolina",2909
"Runnels County, Texas",225
"Rush County, Indiana",31
"Rush County, Kansas",68
"Rusk County, Texas",2542
"Russell County, Alabama",282
"Russell County, Kentucky",26
"Russell County, Virginia",15
"Rutherford County, North Carolina",1875
"Rutherford County, Tennessee",14964
"Rutland County, Vermont",4065
"Sabine County, Texas",317
"Sac County, Iowa",140
"Sacramento County, California",176856
"Sagadahoc County, Maine",9152
"Saginaw County, Michigan",4977
"Saguache County, Colorado",2642
"Salem County, New Jersey",822
"Salem city, Virginia",1797
"Saline County, Arkansas",1471
"Saline County, Illinois",1725
"Saline County, Kansas",6365
"Saline County, Missouri",139
"Saline County, Nebraska",215
"Salt Lake County, Utah",86285
"Sampson County, North Carolina",4242
"San Augustine County, Texas",15
"San Benito County, California",1648
"San Bernardino County, California",80820
"San Diego County, California",455148
"San Francisco County, California",751501
"San Jacinto County, Texas",674
"San Joaquin County, California",18617
"San Juan County, New Mexico",4335
"San Juan County, Utah",50
"San Juan County, Washington",15402
"San Juan Municipio, Puerto Rico",719826
"San Juan, Puerto Rico",84
"San Luis Obispo County, California",47969
"San Mateo County, California",494862
"San Miguel County, Colorado",9184
"San Miguel County, New Mexico",636
"San Patricio County, Texas",949
"San Saba County, Texas",1025
"Sanders County, Montana",1300
"Sandoval County, New Mexico",15067
"Sandusky County, Ohio",198
"Sangamon County, Illinois",22799
"Sanilac County, Michigan",462
"Sanpete County, Utah",1553
"Santa Barbara County, California",110290
"Santa Clara County, California",802640
"Santa Cruz County, Arizona",2099
"Santa Cruz County, California",98859
"Santa Fe County, New Mexico",70654
"Santa Rosa County, Florida",4899
"Sarasota County, Florida",147001
"Saratoga County, New York",115694
"Sarpy County, Nebraska",7866
"Sauk County, Wisconsin",1895
"Saunders County, Nebraska",321
"Sawyer County, Wisconsin",682
"Schenectady County, New York",8963
"Schleicher County, Texas",52
"Schoharie County, New York",485
"Schoolcraft County, Michigan",915
"Schuyler County, Illinois",44
"Schuyler County, New York",637
"Schuylkill County, Pennsylvania",4279
"Scioto County, Ohio",509
"Scotland County, North Carolina",482
"Scott County, Arkansas",250
"Scott County, Indiana",15
"Scott County, Iowa",10444
"Scott County, Kentucky",4555
"Scott County, Minnesota",7640
"Scott County, Mississippi",30
"Scott County, Missouri",11385
"Scott County, Virginia",37
"Scotts Bluff County, Nebraska",646
"Screven County, Georgia",50
"Scurry County, Texas",1200
"Searcy County, Arkansas",25
"Sebastian County, Arkansas",3600
"Sedgwick County, Kansas",548704
"Seminole County, Florida",37337
"Seminole County, Oklahoma",20
"Seneca County, New York",1703
"Seneca County, Ohio",1378
"Sequoyah County, Oklahoma",1190
"Sevier County, Arkansas",42
"Sevier County, Tennessee",1871
"Sevier County, Utah",60
"Seward County, Kansas",10
"Seward County, Nebraska",108
"Shackelford County, Texas",285
"Shannon County, Missouri",1100
"Sharp County, Arkansas",318
"Shasta County, California",9232
"Shawano County, Wisconsin",663
"Shawnee County, Kansas",10919
"Sheboygan County, Wisconsin",4253
"Shelby County, Alabama",11181
"Shelby County, Illinois",1135
"Shelby County, Indiana",1621
"Shelby County, Kentucky",2289
"Shelby County, Missouri",135
"Shelby County, Ohio",12466
"Shelby County, Tennessee",47626
"Shelby County, Texas",1430
"Shenandoah County, Virginia",22501
"Sherburne County, Minnesota",8822
"Sheridan County, Kansas",10021
"Sheridan County, North Dakota",30
"Sheridan County, Wyoming",6380
"Sherman County, Kansas",150
"Sherman County, Oregon",3
"Shiawassee County, Michigan",-11
"Shoshone County, Idaho",1253
"Sibley County, Minnesota",92
"Sierra County, California",675
"Sierra County, New Mexico",8265
"Silver Bow County, Montana",3855
"Simpson County, Kentucky",1508
"Simpson County, Mississippi",66
"Sioux County, Iowa",11125
"Siskiyou County, California",3661
"Sitka City and Borough, Alaska",2048
"Skagit County, Washington",9750
"Skagway Municipality, Alaska",550
"Skamania County, Washington",500
"Slope County, North Dakota",42
"Smith County, Kansas",25
"Smith County, Mississippi",1000
"Smith County, Tennessee",15
"Smith County, Texas",26502
"Smyth County, Virginia",748
"Snohomish County, Washington",68790
"Snyder County, Pennsylvania",1240
"Socorro County, New Mexico",1566
"Solano County, California",20888
"Somerset County, Maine",902
"Somerset County, New Jersey",48747
"Somerset County, Pennsylvania",4110
"Somervell County, Texas",470
"Sonoma County, California",118092
"Southampton County, Virginia",381
"Southeast Fairbanks Census Area, Alaska",155
"Spalding County, Georgia",7149
"Spartanburg County, South Carolina",16200
"Spencer County, Indiana",337
"Spencer County, Kentucky",280
"Spink County, South Dakota",191
"Spokane County, Washington",41312
"Spotsylvania County, Virginia",5583
"St Louis County, Minnesota",100
"St. Bernard Parish, Louisiana",615
"St. Charles County, Missouri",14816
"St. Charles Parish, Louisiana",930
"St. Clair County, Alabama",1030
"St. Clair County, Illinois",8289
"St. Clair County, Michigan",5066
"St. Clair County, Missouri",128
"St. Croix County, Wisconsin",3505
"St. Francis County, Arkansas",138
"St. Francois County, Missouri",2346
"St. Helena Parish, Louisiana",38
"St. James Parish, Louisiana",1391
"St. John the Baptist Parish, Louisiana",245
"St. Johns County, Florida",53059
"St. Joseph County, Indiana",15601
"St. Joseph County, Michigan",1303
"St. Landry Parish, Louisiana",5020
"St. Lawrence County, New York",3358
"St. Louis City, Missouri",500
"St. Louis County, Minnesota",14063
"St. Louis County, Missouri",201382
"St. Louis city, Missouri",38932
"St. Lucie County, Florida",19531
"St. Martin Parish, Louisiana",20
"St. Mary Parish, Louisiana",1621
"St. Mary's County, Maryland",2790
"St. Tammany Parish, Louisiana",22306
"Stafford County, Virginia",7745
"Stanislaus County, California",17553
"Stanly County, North Carolina",1027
"Stanton County, Kansas",500
"Stanton County, Nebraska",700
"Stark County, North Dakota",451
"Stark County, Ohio",51531
"Starke County, Indiana",237
"Staunton city, Virginia",1752
"Ste. Genevieve County, Missouri",960
"Stearns County, Minnesota",7207
"Steele County, Minnesota",1175
"Stephens County, Georgia",263
"Stephens County, Oklahoma",585
"Stephenson County, Illinois",803
"Steuben County, Indiana",1477
"Steuben County, New York",10388
"Stevens County, Kansas",50
"Stevens County, Minnesota",125
"Stevens County, Washington",2275
"Stewart County, Tennessee",325
"Stillwater County, Montana",321
"Stoddard County, Missouri",975
"Stokes County, North Carolina",1434
"Stone County, Arkansas",72
"Stone County, Mississippi",303
"Stone County, Missouri",197
"Stonewall County, Texas",25
"Storey County, Nevada",10
"Story County, Iowa",7404
"Strafford County, New Hampshire",9579
"Stutsman County, North Dakota",248
"Sublette County, Wyoming",-130
"Suffolk City, Virginia",2500
"Suffolk County, Massachusetts",335881
"Suffolk County, New York",177318
"Suffolk city, Virginia",4119
"Sullivan County, Indiana",14
"Sullivan County, New Hampshire",3966
"Sullivan County, New York",5167
"Sullivan County, Pennsylvania",42
"Sullivan County, Tennessee",11788
"Summers County, West Virginia",600
"Summit County, Colorado",49579
"Summit County, Ohio",26207
"Summit County, Utah",60411
"Sumner County, Kansas",847
"Sumner County, Tennessee",9816
"Sumter County, Alabama",265
"Sumter County, Florida",20336
"Sumter County, Georgia",5796
"Sumter County, South Carolina",-900
"Sunflower County, Mississippi",25
"Surry County, North Carolina",6388
"Surry County, Virginia",35
"Susquehanna County, Pennsylvania",887
"Sussex County, Delaware",21987
"Sussex County, New Jersey",11585
"Sussex County, Virginia",614
"Sutter County, California",3145
"Sutton County, Texas",20
"Suwannee County, Florida",788
"Swain County, North Carolina",80
"Sweet Grass County, Montana",566
"Sweetwater County, Wyoming",2224
"Swift County, Minnesota",75
"Swisher County, Texas",35
"Switzerland County, Indiana",100
"Talbot County, Georgia",66
"Talbot County, Maryland",26236
"Talladega County, Alabama",488
"Tallahatchie County, Mississippi",42
"Tallapoosa County, Alabama",1580
"Tama County, Iowa",25
"Taney County, Missouri",1138
"Tangipahoa Parish, Louisiana",1874
"Taos County, New Mexico",13429
"Tarrant County, Texas",127203
"Tate County, Mississippi",271
"Tattnall County, Georgia",70
"Taylor County, Florida",1290
"Taylor County, Iowa",34
"Taylor County, Kentucky",17
"Taylor County, Texas",10030
"Taylor County, West Virginia",150
"Taylor County, Wisconsin",500
"Tazewell County, Illinois",5090
"Tazewell County, Virginia",1045
"Tehama County, California",10661
"Teller County, Colorado",765
"Tensas Parish, Louisiana",15
"Terrebonne Parish, Louisiana",9153
"Terry County, Texas",25
"Teton County, Idaho",649
"Teton County, Montana",506
"Teton County, Wyoming",16802
"Texas County, Missouri",4
"Texas County, Oklahoma",12
"Thayer County, Nebraska",843
"Thomas County, Georgia",3760
"Thomas County, Kansas",1850
"Thomas County, Nebraska",10
"Throckmorton County, Texas",595
"Thurston County, Nebraska",10
"Thurston County, Washington",40490
"Tift County, Georgia",595
"Tillamook County, Oregon",815
"Tillman County, Oklahoma",200
"Tioga County, New York",1985
"Tioga County, Pennsylvania",1265
"Tippah County, Mississippi",200
"Tippecanoe County, Indiana",7639
"Tipton County, Tennessee",282
"Tishomingo County, Mississippi",325
"Titus County, Texas",417
"Todd County, Minnesota",157
"Tolland County, Connecticut",7735
"Tom Green County, Texas",8107
"Tompkins County, New York",25483
"Tooele County, Utah",891
"Toole County, Montana",35
"Toombs County, Georgia",1027
"Torrance County, New Mexico",1090
"Towner County, North Dakota",200
"Towns County, Georgia",697
"Transylvania County, North Carolina",2070
"Traverse County, Minnesota",300
"Travis County, Texas",475018
"Trempealeau County, Wisconsin",750
"Trigg County, Kentucky",1426
"Trimble County, Kentucky",50
"Trinity County, California",309
"Trinity County, Texas",780
"Troup County, Georgia",810
"Trumbull County, Ohio",3390
"Tucker County, West Virginia",100
"Tulare County, California",24020
"Tulsa County, Oklahoma",44705
"Tunica County, Mississippi",60
"Tuolumne County, California",2166
"Turner County, South Dakota",117
"Tuscaloosa County, Alabama",7316
"Tuscarawas County, Ohio",1017
"Tuscola County, Michigan",1202
"Twin Falls County, Idaho",2034
"Tyler County, Texas",438
"Tyler County, West Virginia",200
"Tyrrell County, North Carolina",420
"Uinta County, Wyoming",325
"Uintah County, Utah",2522
"Ulster County, New York",35727
"Umatilla County, Oregon",1896
"Unicoi County, Tennessee",600
"Union County, Arkansas",11686
"Union County, Florida",4625
"Union County, Georgia",893
"Union County, Illinois",21
"Union County, Indiana",82
"Union County, Iowa",90
"Union County, Kentucky",225
"Union County, Mississippi",1200
"Union County, New Jersey",112302
"Union County, New Mexico",273
"Union County, North Carolina",19475
"Union County, Ohio",11599
"Union County, Oregon",2720
"Union County, Pennsylvania",458
"Union County, South Carolina",63
"Union County, South Dakota",3678
"Union County, Tennessee",250
"Union Parish, Louisiana",204
"Upshur County, Texas",563
"Upshur County, West Virginia",889
"Upson County, Georgia",642
"Utah County, Utah",27056
"Uvalde County, Texas",1126
"Val Verde County, Texas",200
"Valencia County, New Mexico",1911
"Valley County, Idaho",1807
"Valley County, Montana",700
"Van Buren County, Arkansas",1333
"Van Buren County, Iowa",30
"Van Buren County, Michigan",5756
"Van Buren County, Tennessee",195
"Van Wert County, Ohio",508
"Van Zandt County, Texas",491
"Vance County, North Carolina",1498
"Vanderburgh County, Indiana",15086
"Vega Baja Municipio, Puerto Rico",2800
"Venango County, Pennsylvania",917
"Ventura County, California",170704
"Vermilion County, Illinois",603
"Vermilion Parish, Louisiana",2452
"Vermillion County, Indiana",125
"Vernon County, Wisconsin",1895
"Vernon Parish, Louisiana",830
"Victoria County, Texas",2672
"Vieques Municipio, Puerto Rico",10
"Vigo County, Indiana",11538
"Vilas County, Wisconsin",1340
"Virginia Beach City, Virginia",389
"Virginia Beach city, Virginia",33401
"Volusia County, Florida",36160
"Wabash County, Illinois",430
"Wabash County, Indiana",792
"Wabasha County, Minnesota",218
"Wabaunsee County, Kansas",150
"Wadena County, Minnesota",600
"Wagoner County, Oklahoma",907
"Wahkiakum County, Washington",235
"Wake County, North Carolina",732006
"Wakulla County, Florida",1640
"Waldo County, Maine",1641
"Walker County, Alabama",447
"Walker County, Georgia",-2550
"Walker County, Texas",4660
"Walla Walla County, Washington",8978
"Waller County, Texas",1516
"Wallowa County, Oregon",520
"Walsh County, North Dakota",500
"Walthall County, Mississippi",30
"Walton County, Florida",13604
"Walton County, Georgia",1227
"Walworth County, South Dakota",55
"Walworth County, Wisconsin",9006
"Wapello County, Iowa",6887
"Ward County, North Dakota",1855
"Ward County, Texas",400
"Ware County, Georgia",190
"Warren County, Illinois",1504
"Warren County, Iowa",2699
"Warren County, Kentucky",21171
"Warren County, Mississippi",651
"Warren County, Missouri",243
"Warren County, New Jersey",5226
"Warren County, New York",4291
"Warren County, North Carolina",75
"Warren County, Ohio",22920
"Warren County, Pennsylvania",536
"Warren County, Tennessee",322
"Warren County, Virginia",2391
"Warrick County, Indiana",5095
"Wasatch County, Utah",3540
"Wasco County, Oregon",1420
"Waseca County, Minnesota",177
"Washakie County, Wyoming",337
"Washburn County, Wisconsin",1251
"Washington County, Arkansas",16518
"Washington County, Colorado",60
"Washington County, Florida",325
"Washington County, Georgia",65
"Washington County, Idaho",155
"Washington County, Illinois",100
"Washington County, Indiana",276
"Washington County, Iowa",1283
"Washington County, Kentucky",295
"Washington County, Maine",1211
"Washington County, Maryland",1261
"Washington County, Minnesota",18614
"Washington County, Mississippi",955
"Washington County, Missouri",45
"Washington County, Nebraska",1502
"Washington County, New York",3753
"Washington County, Ohio",1046
"Washington County, Oklahoma",2913
"Washington County, Oregon",52617
"Washington County, Pennsylvania",9331
"Washington County, Rhode Island",29450
"Washington County, Tennessee",11274
"Washington County, Texas",4188
"Washington County, Utah",10144
"Washington County, Vermont",8102
"Washington County, Virginia",4888
"Washington County, Wisconsin",7105
"Washington Parish, Louisiana",166
"Washita County, Oklahoma",180
"Washoe County, Nevada",156216
"Washtenaw County, Michigan",85442
"Watauga County, North Carolina",3624
"Watonwan County, Minnesota",145
"Waukesha County, Wisconsin",43895
"Waupaca County, Wisconsin",2451
"Waushara County, Wisconsin",626
"Wayne County, Georgia",217
"Wayne County, Illinois",2750
"Wayne County, Indiana",2903
"Wayne County, Iowa",890
"Wayne County, Michigan",224100
"Wayne County, Mississippi",100
"Wayne County, Missouri",530
"Wayne County, Nebraska",500
"Wayne County, New York",872
"Wayne County, North Carolina",2226
"Wayne County, Ohio",4806
"Wayne County, Pennsylvania",1346
"Wayne County, Tennessee",361
"Wayne County, Utah",50
"Wayne County, West Virginia",78
"Waynesboro city, Virginia",755
"Weakley County, Tennessee",616
"Webb County, Texas",3554
"Weber County, Utah",12742
"Webster County, Iowa",1021
"Webster County, Kentucky",65
"Webster County, Mississippi",200
"Webster County, Missouri",2414
"Webster County, Nebraska",1015
"Webster County, West Virginia",60
"Webster Parish, Louisiana",1052
"Weld County, Colorado",12027
"Wells County, Indiana",375
"West Baton Rouge Parish, Louisiana",25070
"West Carroll Parish, Louisiana",161
"West Feliciana Parish, Louisiana",428
"Westchester County, New York",309539
"Westmoreland County, Pennsylvania",14222
"Westmoreland County, Virginia",200
"Weston County, Wyoming",35
"Wetzel County, West Virginia",125
"Wexford County, Michigan",817
"Wharton County, Texas",1768
"Whatcom County, Washington",22136
"Wheatland County, Montana",175
"White County, Arkansas",2431
"White County, Georgia",194
"White County, Illinois",352
"White County, Indiana",1245
"White County, Tennessee",860
"White Pine County, Nevada",-1284
"Whiteside County, Illinois",602
"Whitfield County, Georgia",4583
"Whitley County, Indiana",526
"Whitley County, Kentucky",418
"Whitman County, Washington",7618
"Wichita County, Kansas",25
"Wichita County, Texas",5858
"Wicomico County, Maryland",5370
"Wilbarger County, Texas",882
"Wilcox County, Alabama",100
"Wilkes County, Georgia",25
"Wilkes County, North Carolina",2730
"Wilkin County, Minnesota",325
"Wilkinson County, Georgia",268
"Wilkinson County, Mississippi",25
"Will County, Illinois",18007
"Willacy County, Texas",150
"Williams County, North Dakota",2229
"Williams County, Ohio",865
"Williamsburg County, South Carolina",125
"Williamsburg city, Virginia",350
"Williamson County, Illinois",1341
"Williamson County, Tennessee",49407
"Williamson County, Texas",51386
"Wilson County, Kansas",300
"Wilson County, North Carolina",3898
"Wilson County, Tennessee",13678
"Wilson County, Texas",2528
"Winchester city, Virginia",975
"Windham County, Connecticut",7266
"Windham County, Vermont",6789
"Windsor County, Vermont",28830
"Winkler County, Texas",400
"Winnebago County, Illinois",12895
"Winnebago County, Iowa",1122
"Winnebago County, Wisconsin",8849
"Winneshiek County, Iowa",919
"Winona County, Minnesota",1194
"Winston County, Alabama",634
"Winston County, Mississippi",225
"Wise County, Texas",-2870
"Wise County, Virginia",340
"Wood County, Ohio",6364
"Wood County, Texas",1214
"Wood County, West Virginia",2070
"Wood County, Wisconsin",4330
"Woodbury County, Iowa",3100
"Woodford County, Illinois",1251
"Woodford County, Kentucky",9450
"Woodson County, Kansas",10
"Woodward County, Oklahoma",750
"Worcester County, Maryland",3094
"Worcester County, Massachusetts",42794
"Worth County, Georgia",1050
"Worth County, Iowa",40
"Wright County, Iowa",892
"Wright County, Minnesota",2243
"Wright County, Missouri",245
"Wyandot County, Ohio",706
"Wyandotte County, Kansas",6591
"Wyoming County, New York",732
"Wyoming County, Pennsylvania",985
"Wyoming County, West Virginia",10
"Wythe County, Virginia",970
"Yadkin County, North Carolina",200
"Yakima County, Washington",12456
"Yakutat City and Borough, Alaska",30
"Yalobusha County, Mississippi",313
"Yamhill County, Oregon",6938
"Yancey County, North Carolina",1143
"Yankton County, South Dakota",180
"Yates County, New York",1483
"Yavapai County, Arizona",48772
"Yazoo County, Mississippi",1570
"Yell County, Arkansas",663
"Yellowstone County, Montana",27989
"Yolo County, California",46709
"York County, Maine",10661
"York County, Nebraska",102
"York County, Pennsylvania",19068
"York County, South Carolina",13270
"York County, Virginia",8870
"Young County, Texas",125
"Yuba County, California",1770
"Yukon-Koyukuk Census Area, Alaska",100
"Yuma County, Arizona",9204
"Yuma County, Colorado",1070
"Zavala County, Texas",25
